Event_Date,Weather_Date,Latitude,Longitude,Precipitation,Flood
2025-03-07,2025-03-01,-38.69888888888889,-62.33722222222222,6.699999809265137,0
2025-03-07,2025-03-02,-38.69888888888889,-62.33722222222222,0.1000000014901161,0
2025-03-07,2025-03-03,-38.69888888888889,-62.33722222222222,1.2000000476837158,0
2025-03-07,2025-03-04,-38.69888888888889,-62.33722222222222,2.0,0
2025-03-07,2025-03-05,-38.69888888888889,-62.33722222222222,7.800000190734863,0
2025-03-07,2025-03-06,-38.69888888888889,-62.33722222222222,46.79999923706055,0
2025-03-07,2025-03-07,-38.69888888888889,-62.33722222222222,79.4000015258789,1
2025-03-07,2024-03-01,-38.69888888888889,-62.33722222222222,0.0,0
2025-03-07,2024-03-02,-38.69888888888889,-62.33722222222222,0.0,0
2025-03-07,2024-03-03,-38.69888888888889,-62.33722222222222,0.0,0
2025-03-07,2024-03-04,-38.69888888888889,-62.33722222222222,0.1000000014901161,0
2025-03-07,2024-03-05,-38.69888888888889,-62.33722222222222,0.0,0
2025-03-07,2024-03-06,-38.69888888888889,-62.33722222222222,0.0,0
2025-03-07,2024-03-07,-38.69888888888889,-62.33722222222222,1.2999999523162842,0
2024-05-13,2024-05-07,-32.02222222222222,-58.19694444444444,25.0,0
2024-05-13,2024-05-08,-32.02222222222222,-58.19694444444444,9.600000381469728,0
2024-05-13,2024-05-09,-32.02222222222222,-58.19694444444444,0.0,0
2024-05-13,2024-05-10,-32.02222222222222,-58.19694444444444,1.7999999523162842,0
2024-05-13,2024-05-11,-32.02222222222222,-58.19694444444444,0.1000000014901161,0
2024-05-13,2024-05-12,-32.02222222222222,-58.19694444444444,4.300000190734863,0
2024-05-13,2024-05-13,-32.02222222222222,-58.19694444444444,0.4000000059604645,1
2024-05-13,2023-05-08,-32.02222222222222,-58.19694444444444,0.0,0
2024-05-13,2023-05-09,-32.02222222222222,-58.19694444444444,0.0,0
2024-05-13,2023-05-10,-32.02222222222222,-58.19694444444444,0.0,0
2024-05-13,2023-05-11,-32.02222222222222,-58.19694444444444,0.0,0
2024-05-13,2023-05-12,-32.02222222222222,-58.19694444444444,0.0,0
2024-05-13,2023-05-13,-32.02222222222222,-58.19694444444444,0.0,0
2024-05-13,2023-05-14,-32.02222222222222,-58.19694444444444,0.0,0
2018-02-03,2018-01-28,-22.37305555555556,-62.47222222222222,23.19999885559082,0
2018-02-03,2018-01-29,-22.37305555555556,-62.47222222222222,24.0,0
2018-02-03,2018-01-30,-22.37305555555556,-62.47222222222222,0.800000011920929,0
2018-02-03,2018-01-31,-22.37305555555556,-62.47222222222222,30.0,0
2018-02-03,2018-02-01,-22.37305555555556,-62.47222222222222,22.100000381469727,0
2018-02-03,2018-02-02,-22.37305555555556,-62.47222222222222,8.5,0
2018-02-03,2018-02-03,-22.37305555555556,-62.47222222222222,0.1000000014901161,1
2018-02-03,2017-01-28,-22.37305555555556,-62.47222222222222,0.0,0
2018-02-03,2017-01-29,-22.37305555555556,-62.47222222222222,0.0,0
2018-02-03,2017-01-30,-22.37305555555556,-62.47222222222222,0.0,0
2018-02-03,2017-01-31,-22.37305555555556,-62.47222222222222,0.0,0
2018-02-03,2017-02-01,-22.37305555555556,-62.47222222222222,3.3999998569488525,0
2018-02-03,2017-02-02,-22.37305555555556,-62.47222222222222,11.5,0
2018-02-03,2017-02-03,-22.37305555555556,-62.47222222222222,0.3000000119209289,0
2017-04-12,2017-04-06,-28.36305555555556,-64.13111111111111,0.0,0
2017-04-12,2017-04-07,-28.36305555555556,-64.13111111111111,0.2000000029802322,0
2017-04-12,2017-04-08,-28.36305555555556,-64.13111111111111,8.399999618530273,0
2017-04-12,2017-04-09,-28.36305555555556,-64.13111111111111,1.899999976158142,0
2017-04-12,2017-04-10,-28.36305555555556,-64.13111111111111,0.0,0
2017-04-12,2017-04-11,-28.36305555555556,-64.13111111111111,0.0,0
2017-04-12,2017-04-12,-28.36305555555556,-64.13111111111111,0.0,1
2017-04-12,2016-04-06,-28.36305555555556,-64.13111111111111,0.3000000119209289,0
2017-04-12,2016-04-07,-28.36305555555556,-64.13111111111111,0.7000000476837158,0
2017-04-12,2016-04-08,-28.36305555555556,-64.13111111111111,2.6000001430511475,0
2017-04-12,2016-04-09,-28.36305555555556,-64.13111111111111,0.0,0
2017-04-12,2016-04-10,-28.36305555555556,-64.13111111111111,1.3000000715255735,0
2017-04-12,2016-04-11,-28.36305555555556,-64.13111111111111,4.200000286102295,0
2017-04-12,2016-04-12,-28.36305555555556,-64.13111111111111,1.600000023841858,0
2016-04-07,2016-04-01,-31.548611111111114,-58.81,2.6000001430511475,0
2016-04-07,2016-04-02,-31.548611111111114,-58.81,21.100000381469727,0
2016-04-07,2016-04-03,-31.548611111111114,-58.81,2.0999999046325684,0
2016-04-07,2016-04-04,-31.548611111111114,-58.81,58.70000076293945,0
2016-04-07,2016-04-05,-31.548611111111114,-58.81,41.79999923706055,0
2016-04-07,2016-04-06,-31.548611111111114,-58.81,32.5,0
2016-04-07,2016-04-07,-31.548611111111114,-58.81,3.299999952316284,1
2016-04-07,2015-04-02,-31.548611111111114,-58.81,0.0,0
2016-04-07,2015-04-03,-31.548611111111114,-58.81,0.0,0
2016-04-07,2015-04-04,-31.548611111111114,-58.81,0.0,0
2016-04-07,2015-04-05,-31.548611111111114,-58.81,0.0,0
2016-04-07,2015-04-06,-31.548611111111114,-58.81,0.0,0
2016-04-07,2015-04-07,-31.548611111111114,-58.81,0.0,0
2016-04-07,2015-04-08,-31.548611111111114,-58.81,0.0,0
2015-12-28,2015-12-22,-30.73805555555556,-59.14416666666666,7.600000381469727,0
2015-12-28,2015-12-23,-30.73805555555556,-59.14416666666666,7.5,0
2015-12-28,2015-12-24,-30.73805555555556,-59.14416666666666,0.0,0
2015-12-28,2015-12-25,-30.73805555555556,-59.14416666666666,0.2000000029802322,0
2015-12-28,2015-12-26,-30.73805555555556,-59.14416666666666,0.1000000014901161,0
2015-12-28,2015-12-27,-30.73805555555556,-59.14416666666666,0.0,0
2015-12-28,2015-12-28,-30.73805555555556,-59.14416666666666,0.4000000059604645,1
2015-12-28,2014-12-22,-30.73805555555556,-59.14416666666666,0.0,0
2015-12-28,2014-12-23,-30.73805555555556,-59.14416666666666,0.0,0
2015-12-28,2014-12-24,-30.73805555555556,-59.14416666666666,0.0,0
2015-12-28,2014-12-25,-30.73805555555556,-59.14416666666666,1.5,0
2015-12-28,2014-12-26,-30.73805555555556,-59.14416666666666,12.300000190734863,0
2015-12-28,2014-12-27,-30.73805555555556,-59.14416666666666,1.5,0
2015-12-28,2014-12-28,-30.73805555555556,-59.14416666666666,22.700000762939453,0
2015-08-12,2015-08-06,-34.26138888888889,-60.11944444444445,39.59999847412109,0
2015-08-12,2015-08-07,-34.26138888888889,-60.11944444444445,6.900000095367432,0
2015-08-12,2015-08-08,-34.26138888888889,-60.11944444444445,9.300000190734863,0
2015-08-12,2015-08-09,-34.26138888888889,-60.11944444444445,75.69999694824219,0
2015-08-12,2015-08-10,-34.26138888888889,-60.11944444444445,35.89999771118164,0
2015-08-12,2015-08-11,-34.26138888888889,-60.11944444444445,0.0,0
2015-08-12,2015-08-12,-34.26138888888889,-60.11944444444445,3.299999952316284,1
2015-08-12,2014-08-06,-34.26138888888889,-60.11944444444445,0.0,0
2015-08-12,2014-08-07,-34.26138888888889,-60.11944444444445,0.0,0
2015-08-12,2014-08-08,-34.26138888888889,-60.11944444444445,0.0,0
2015-08-12,2014-08-09,-34.26138888888889,-60.11944444444445,0.0,0
2015-08-12,2014-08-10,-34.26138888888889,-60.11944444444445,0.0,0
2015-08-12,2014-08-11,-34.26138888888889,-60.11944444444445,0.0,0
2015-08-12,2014-08-12,-34.26138888888889,-60.11944444444445,0.0,0
2014-06-12,2014-06-06,-27.430833333333336,-56.87111111111111,0.0,0
2014-06-12,2014-06-07,-27.430833333333336,-56.87111111111111,3.0,0
2014-06-12,2014-06-08,-27.430833333333336,-56.87111111111111,2.400000095367432,0
2014-06-12,2014-06-09,-27.430833333333336,-56.87111111111111,0.0,0
2014-06-12,2014-06-10,-27.430833333333336,-56.87111111111111,0.0,0
2014-06-12,2014-06-11,-27.430833333333336,-56.87111111111111,8.800000190734863,0
2014-06-12,2014-06-12,-27.430833333333336,-56.87111111111111,0.0,1
2014-06-12,2013-06-06,-27.430833333333336,-56.87111111111111,0.1000000014901161,0
2014-06-12,2013-06-07,-27.430833333333336,-56.87111111111111,0.0,0
2014-06-12,2013-06-08,-27.430833333333336,-56.87111111111111,0.0,0
2014-06-12,2013-06-09,-27.430833333333336,-56.87111111111111,19.0,0
2014-06-12,2013-06-10,-27.430833333333336,-56.87111111111111,0.3000000119209289,0
2014-06-12,2013-06-11,-27.430833333333336,-56.87111111111111,0.0,0
2014-06-12,2013-06-12,-27.430833333333336,-56.87111111111111,0.0,0
2013-06-28,2013-06-22,-29.99277777777778,-59.70138888888889,0.0,0
2013-06-28,2013-06-23,-29.99277777777778,-59.70138888888889,0.0,0
2013-06-28,2013-06-24,-29.99277777777778,-59.70138888888889,0.0,0
2013-06-28,2013-06-25,-29.99277777777778,-59.70138888888889,0.0,0
2013-06-28,2013-06-26,-29.99277777777778,-59.70138888888889,0.0,0
2013-06-28,2013-06-27,-29.99277777777778,-59.70138888888889,0.0,0
2013-06-28,2013-06-28,-29.99277777777778,-59.70138888888889,0.0,1
2013-06-28,2012-06-22,-29.99277777777778,-59.70138888888889,0.0,0
2013-06-28,2012-06-23,-29.99277777777778,-59.70138888888889,0.0,0
2013-06-28,2012-06-24,-29.99277777777778,-59.70138888888889,0.0,0
2013-06-28,2012-06-25,-29.99277777777778,-59.70138888888889,0.7000000476837158,0
2013-06-28,2012-06-26,-29.99277777777778,-59.70138888888889,0.0,0
2013-06-28,2012-06-27,-29.99277777777778,-59.70138888888889,0.0,0
2013-06-28,2012-06-28,-29.99277777777778,-59.70138888888889,0.0,0
2009-02-10,2009-02-04,-22.40138888888889,-63.60194444444445,14.399999618530272,0
2009-02-10,2009-02-05,-22.40138888888889,-63.60194444444445,0.6000000238418579,0
2009-02-10,2009-02-06,-22.40138888888889,-63.60194444444445,3.400000095367432,0
2009-02-10,2009-02-07,-22.40138888888889,-63.60194444444445,4.400000095367432,0
2009-02-10,2009-02-08,-22.40138888888889,-63.60194444444445,8.600000381469727,0
2009-02-10,2009-02-09,-22.40138888888889,-63.60194444444445,49.400001525878906,0
2009-02-10,2009-02-10,-22.40138888888889,-63.60194444444445,2.400000095367432,1
2009-02-10,2008-02-05,-22.40138888888889,-63.60194444444445,0.0,0
2009-02-10,2008-02-06,-22.40138888888889,-63.60194444444445,0.0,0
2009-02-10,2008-02-07,-22.40138888888889,-63.60194444444445,0.0,0
2009-02-10,2008-02-08,-22.40138888888889,-63.60194444444445,7.300000190734863,0
2009-02-10,2008-02-09,-22.40138888888889,-63.60194444444445,3.8000001907348633,0
2009-02-10,2008-02-10,-22.40138888888889,-63.60194444444445,2.5,0
2009-02-10,2008-02-11,-22.40138888888889,-63.60194444444445,1.2999999523162842,0
2007-03-30,2007-03-24,-31.50111111111111,-59.56222222222222,1.0,0
2007-03-30,2007-03-25,-31.50111111111111,-59.56222222222222,2.900000095367432,0
2007-03-30,2007-03-26,-31.50111111111111,-59.56222222222222,62.0,0
2007-03-30,2007-03-27,-31.50111111111111,-59.56222222222222,16.600000381469727,0
2007-03-30,2007-03-28,-31.50111111111111,-59.56222222222222,21.399999618530277,0
2007-03-30,2007-03-29,-31.50111111111111,-59.56222222222222,4.199999809265137,0
2007-03-30,2007-03-30,-31.50111111111111,-59.56222222222222,11.0,1
2007-03-30,2006-03-24,-31.50111111111111,-59.56222222222222,0.0,0
2007-03-30,2006-03-25,-31.50111111111111,-59.56222222222222,4.400000095367432,0
2007-03-30,2006-03-26,-31.50111111111111,-59.56222222222222,0.0,0
2007-03-30,2006-03-27,-31.50111111111111,-59.56222222222222,0.0,0
2007-03-30,2006-03-28,-31.50111111111111,-59.56222222222222,0.0,0
2007-03-30,2006-03-29,-31.50111111111111,-59.56222222222222,0.0,0
2007-03-30,2006-03-30,-31.50111111111111,-59.56222222222222,0.0,0
2007-01-17,2007-01-11,-27.130277777777778,-65.385,41.29999923706055,0
2007-01-17,2007-01-12,-27.130277777777778,-65.385,3.0,0
2007-01-17,2007-01-13,-27.130277777777778,-65.385,8.199999809265137,0
2007-01-17,2007-01-14,-27.130277777777778,-65.385,28.200000762939453,0
2007-01-17,2007-01-15,-27.130277777777778,-65.385,10.300000190734863,0
2007-01-17,2007-01-16,-27.130277777777778,-65.385,22.0,0
2007-01-17,2007-01-17,-27.130277777777778,-65.385,1.899999976158142,1
2007-01-17,2006-01-11,-27.130277777777778,-65.385,6.200000286102295,0
2007-01-17,2006-01-12,-27.130277777777778,-65.385,6.300000190734863,0
2007-01-17,2006-01-13,-27.130277777777778,-65.385,43.0,0
2007-01-17,2006-01-14,-27.130277777777778,-65.385,6.5,0
2007-01-17,2006-01-15,-27.130277777777778,-65.385,0.6000000238418579,0
2007-01-17,2006-01-16,-27.130277777777778,-65.385,59.5,0
2007-01-17,2006-01-17,-27.130277777777778,-65.385,0.5,0
2006-07-27,2006-07-21,-43.66277777777778,-69.24416666666667,0.699999988079071,0
2006-07-27,2006-07-22,-43.66277777777778,-69.24416666666667,0.8999999761581421,0
2006-07-27,2006-07-23,-43.66277777777778,-69.24416666666667,0.0,0
2006-07-27,2006-07-24,-43.66277777777778,-69.24416666666667,4.100000381469727,0
2006-07-27,2006-07-25,-43.66277777777778,-69.24416666666667,12.600000381469728,0
2006-07-27,2006-07-26,-43.66277777777778,-69.24416666666667,23.399999618530277,0
2006-07-27,2006-07-27,-43.66277777777778,-69.24416666666667,24.5,1
2006-07-27,2005-07-21,-43.66277777777778,-69.24416666666667,0.0,0
2006-07-27,2005-07-22,-43.66277777777778,-69.24416666666667,0.0,0
2006-07-27,2005-07-23,-43.66277777777778,-69.24416666666667,0.0,0
2006-07-27,2005-07-24,-43.66277777777778,-69.24416666666667,0.0,0
2006-07-27,2005-07-25,-43.66277777777778,-69.24416666666667,0.0,0
2006-07-27,2005-07-26,-43.66277777777778,-69.24416666666667,0.0,0
2006-07-27,2005-07-27,-43.66277777777778,-69.24416666666667,0.0,0
2004-07-02,2004-06-26,-42.708333333333336,-70.60888888888888,2.200000047683716,0
2004-07-02,2004-06-27,-42.708333333333336,-70.60888888888888,6.900000095367432,0
2004-07-02,2004-06-28,-42.708333333333336,-70.60888888888888,21.200000762939453,0
2004-07-02,2004-06-29,-42.708333333333336,-70.60888888888888,0.0,0
2004-07-02,2004-06-30,-42.708333333333336,-70.60888888888888,1.7000000476837158,0
2004-07-02,2004-07-01,-42.708333333333336,-70.60888888888888,44.79999923706055,0
2004-07-02,2004-07-02,-42.708333333333336,-70.60888888888888,1.5,1
2004-07-02,2003-06-27,-42.708333333333336,-70.60888888888888,0.0,0
2004-07-02,2003-06-28,-42.708333333333336,-70.60888888888888,0.1000000014901161,0
2004-07-02,2003-06-29,-42.708333333333336,-70.60888888888888,0.4000000059604645,0
2004-07-02,2003-06-30,-42.708333333333336,-70.60888888888888,0.0,0
2004-07-02,2003-07-01,-42.708333333333336,-70.60888888888888,0.0,0
2004-07-02,2003-07-02,-42.708333333333336,-70.60888888888888,0.0,0
2004-07-02,2003-07-03,-42.708333333333336,-70.60888888888888,0.0,0
2003-05-01,2003-04-25,-31.5725,-60.73222222222223,35.20000076293945,0
2003-05-01,2003-04-26,-31.5725,-60.73222222222223,75.19999694824219,0
2003-05-01,2003-04-27,-31.5725,-60.73222222222223,28.100000381469727,0
2003-05-01,2003-04-28,-31.5725,-60.73222222222223,0.3000000119209289,0
2003-05-01,2003-04-29,-31.5725,-60.73222222222223,27.0,0
2003-05-01,2003-04-30,-31.5725,-60.73222222222223,0.0,0
2003-05-01,2003-05-01,-31.5725,-60.73222222222223,0.0,1
2003-05-01,2002-04-25,-31.5725,-60.73222222222223,0.0,0
2003-05-01,2002-04-26,-31.5725,-60.73222222222223,0.2000000029802322,0
2003-05-01,2002-04-27,-31.5725,-60.73222222222223,0.0,0
2003-05-01,2002-04-28,-31.5725,-60.73222222222223,0.3000000119209289,0
2003-05-01,2002-04-29,-31.5725,-60.73222222222223,0.800000011920929,0
2003-05-01,2002-04-30,-31.5725,-60.73222222222223,0.0,0
2003-05-01,2002-05-01,-31.5725,-60.73222222222223,0.0,0
2025-03-21,2025-03-15,-22.271944444444443,-62.61111111111112,1.399999976158142,0
2025-03-21,2025-03-16,-22.271944444444443,-62.61111111111112,8.100000381469727,0
2025-03-21,2025-03-17,-22.271944444444443,-62.61111111111112,7.800000190734863,0
2025-03-21,2025-03-18,-22.271944444444443,-62.61111111111112,22.0,0
2025-03-21,2025-03-19,-22.271944444444443,-62.61111111111112,1.600000023841858,0
2025-03-21,2025-03-20,-22.271944444444443,-62.61111111111112,0.2000000029802322,0
2025-03-21,2025-03-21,-22.271944444444443,-62.61111111111112,2.299999952316284,1
2025-03-21,2024-03-15,-22.271944444444443,-62.61111111111112,0.0,0
2025-03-21,2024-03-16,-22.271944444444443,-62.61111111111112,0.0,0
2025-03-21,2024-03-17,-22.271944444444443,-62.61111111111112,1.7000000476837158,0
2025-03-21,2024-03-18,-22.271944444444443,-62.61111111111112,0.699999988079071,0
2025-03-21,2024-03-19,-22.271944444444443,-62.61111111111112,0.2000000029802322,0
2025-03-21,2024-03-20,-22.271944444444443,-62.61111111111112,0.0,0
2025-03-21,2024-03-21,-22.271944444444443,-62.61111111111112,5.100000381469727,0
2021-01-05,2020-12-30,-18.975,-65.24638888888889,5.099999904632568,0
2021-01-05,2020-12-31,-18.975,-65.24638888888889,7.599999904632568,0
2021-01-05,2021-01-01,-18.975,-65.24638888888889,4.199999809265137,0
2021-01-05,2021-01-02,-18.975,-65.24638888888889,4.0,0
2021-01-05,2021-01-03,-18.975,-65.24638888888889,4.699999809265137,0
2021-01-05,2021-01-04,-18.975,-65.24638888888889,13.5,0
2021-01-05,2021-01-05,-18.975,-65.24638888888889,5.599999904632568,1
2021-01-05,2019-12-31,-18.975,-65.24638888888889,14.800000190734863,0
2021-01-05,2020-01-01,-18.975,-65.24638888888889,3.200000047683716,0
2021-01-05,2020-01-02,-18.975,-65.24638888888889,4.5,0
2021-01-05,2020-01-03,-18.975,-65.24638888888889,2.299999952316284,0
2021-01-05,2020-01-04,-18.975,-65.24638888888889,21.899999618530277,0
2021-01-05,2020-01-05,-18.975,-65.24638888888889,21.200000762939453,0
2021-01-05,2020-01-06,-18.975,-65.24638888888889,0.1000000014901161,0
2020-02-25,2020-02-19,-17.13222222222222,-66.12527777777777,5.800000190734863,0
2020-02-25,2020-02-20,-17.13222222222222,-66.12527777777777,53.29999923706055,0
2020-02-25,2020-02-21,-17.13222222222222,-66.12527777777777,13.199999809265137,0
2020-02-25,2020-02-22,-17.13222222222222,-66.12527777777777,23.0,0
2020-02-25,2020-02-23,-17.13222222222222,-66.12527777777777,7.099999904632568,0
2020-02-25,2020-02-24,-17.13222222222222,-66.12527777777777,3.0999999046325684,0
2020-02-25,2020-02-25,-17.13222222222222,-66.12527777777777,7.0,1
2020-02-25,2019-02-19,-17.13222222222222,-66.12527777777777,6.600000381469727,0
2020-02-25,2019-02-20,-17.13222222222222,-66.12527777777777,8.199999809265137,0
2020-02-25,2019-02-21,-17.13222222222222,-66.12527777777777,3.700000047683716,0
2020-02-25,2019-02-22,-17.13222222222222,-66.12527777777777,5.199999809265137,0
2020-02-25,2019-02-23,-17.13222222222222,-66.12527777777777,1.2000000476837158,0
2020-02-25,2019-02-24,-17.13222222222222,-66.12527777777777,8.5,0
2020-02-25,2019-02-25,-17.13222222222222,-66.12527777777777,9.899999618530272,0
2018-02-08,2018-02-02,-16.48888888888889,-67.0038888888889,34.400001525878906,0
2018-02-08,2018-02-03,-16.48888888888889,-67.0038888888889,14.300000190734863,0
2018-02-08,2018-02-04,-16.48888888888889,-67.0038888888889,20.600000381469727,0
2018-02-08,2018-02-05,-16.48888888888889,-67.0038888888889,47.29999923706055,0
2018-02-08,2018-02-06,-16.48888888888889,-67.0038888888889,36.900001525878906,0
2018-02-08,2018-02-07,-16.48888888888889,-67.0038888888889,4.300000190734863,0
2018-02-08,2018-02-08,-16.48888888888889,-67.0038888888889,18.799999237060547,1
2018-02-08,2017-02-02,-16.48888888888889,-67.0038888888889,7.099999904632568,0
2018-02-08,2017-02-03,-16.48888888888889,-67.0038888888889,2.200000047683716,0
2018-02-08,2017-02-04,-16.48888888888889,-67.0038888888889,5.800000190734863,0
2018-02-08,2017-02-05,-16.48888888888889,-67.0038888888889,20.200000762939453,0
2018-02-08,2017-02-06,-16.48888888888889,-67.0038888888889,17.899999618530273,0
2018-02-08,2017-02-07,-16.48888888888889,-67.0038888888889,9.800000190734863,0
2018-02-08,2017-02-08,-16.48888888888889,-67.0038888888889,12.0,0
2015-02-25,2015-02-19,-11.001111111111111,-68.72,26.80000114440918,0
2015-02-25,2015-02-20,-11.001111111111111,-68.72,13.5,0
2015-02-25,2015-02-21,-11.001111111111111,-68.72,32.5,0
2015-02-25,2015-02-22,-11.001111111111111,-68.72,0.800000011920929,0
2015-02-25,2015-02-23,-11.001111111111111,-68.72,11.399999618530272,0
2015-02-25,2015-02-24,-11.001111111111111,-68.72,11.399999618530272,0
2015-02-25,2015-02-25,-11.001111111111111,-68.72,10.800000190734863,1
2015-02-25,2014-02-19,-11.001111111111111,-68.72,13.699999809265137,0
2015-02-25,2014-02-20,-11.001111111111111,-68.72,9.399999618530272,0
2015-02-25,2014-02-21,-11.001111111111111,-68.72,26.799999237060547,0
2015-02-25,2014-02-22,-11.001111111111111,-68.72,13.200000762939451,0
2015-02-25,2014-02-23,-11.001111111111111,-68.72,9.199999809265137,0
2015-02-25,2014-02-24,-11.001111111111111,-68.72,10.100000381469728,0
2015-02-25,2014-02-25,-11.001111111111111,-68.72,8.40000057220459,0
2010-01-26,2010-01-20,-14.152222222222225,-64.51638888888888,31.80000114440918,0
2010-01-26,2010-01-21,-14.152222222222225,-64.51638888888888,2.0999999046325684,0
2010-01-26,2010-01-22,-14.152222222222225,-64.51638888888888,0.5,0
2010-01-26,2010-01-23,-14.152222222222225,-64.51638888888888,8.199999809265137,0
2010-01-26,2010-01-24,-14.152222222222225,-64.51638888888888,9.59999942779541,0
2010-01-26,2010-01-25,-14.152222222222225,-64.51638888888888,11.800000190734863,0
2010-01-26,2010-01-26,-14.152222222222225,-64.51638888888888,8.300000190734863,1
2010-01-26,2009-01-20,-14.152222222222225,-64.51638888888888,10.90000057220459,0
2010-01-26,2009-01-21,-14.152222222222225,-64.51638888888888,0.0,0
2010-01-26,2009-01-22,-14.152222222222225,-64.51638888888888,0.0,0
2010-01-26,2009-01-23,-14.152222222222225,-64.51638888888888,0.0,0
2010-01-26,2009-01-24,-14.152222222222225,-64.51638888888888,0.5,0
2010-01-26,2009-01-25,-14.152222222222225,-64.51638888888888,2.400000095367432,0
2010-01-26,2009-01-26,-14.152222222222225,-64.51638888888888,23.30000114440918,0
2008-01-25,2008-01-19,-14.508888888888889,-64.29027777777777,7.800000190734863,0
2008-01-25,2008-01-20,-14.508888888888889,-64.29027777777777,2.3999998569488525,0
2008-01-25,2008-01-21,-14.508888888888889,-64.29027777777777,8.100000381469727,0
2008-01-25,2008-01-22,-14.508888888888889,-64.29027777777777,1.2000000476837158,0
2008-01-25,2008-01-23,-14.508888888888889,-64.29027777777777,11.300000190734863,0
2008-01-25,2008-01-24,-14.508888888888889,-64.29027777777777,9.300000190734863,0
2008-01-25,2008-01-25,-14.508888888888889,-64.29027777777777,18.299999237060547,1
2008-01-25,2007-01-19,-14.508888888888889,-64.29027777777777,0.6000000238418579,0
2008-01-25,2007-01-20,-14.508888888888889,-64.29027777777777,1.7999999523162842,0
2008-01-25,2007-01-21,-14.508888888888889,-64.29027777777777,22.600000381469727,0
2008-01-25,2007-01-22,-14.508888888888889,-64.29027777777777,4.699999809265137,0
2008-01-25,2007-01-23,-14.508888888888889,-64.29027777777777,4.100000381469727,0
2008-01-25,2007-01-24,-14.508888888888889,-64.29027777777777,12.199999809265137,0
2008-01-25,2007-01-25,-14.508888888888889,-64.29027777777777,19.399999618530277,0
2007-02-22,2007-02-16,-17.280277777777776,-63.56666666666667,81.4000015258789,0
2007-02-22,2007-02-17,-17.280277777777776,-63.56666666666667,15.399999618530272,0
2007-02-22,2007-02-18,-17.280277777777776,-63.56666666666667,60.0,0
2007-02-22,2007-02-19,-17.280277777777776,-63.56666666666667,0.0,0
2007-02-22,2007-02-20,-17.280277777777776,-63.56666666666667,0.0,0
2007-02-22,2007-02-21,-17.280277777777776,-63.56666666666667,0.0,0
2007-02-22,2007-02-22,-17.280277777777776,-63.56666666666667,0.0,1
2007-02-22,2006-02-16,-17.280277777777776,-63.56666666666667,1.7000000476837158,0
2007-02-22,2006-02-17,-17.280277777777776,-63.56666666666667,2.5,0
2007-02-22,2006-02-18,-17.280277777777776,-63.56666666666667,0.800000011920929,0
2007-02-22,2006-02-19,-17.280277777777776,-63.56666666666667,14.699999809265137,0
2007-02-22,2006-02-20,-17.280277777777776,-63.56666666666667,9.5,0
2007-02-22,2006-02-21,-17.280277777777776,-63.56666666666667,0.3000000119209289,0
2007-02-22,2006-02-22,-17.280277777777776,-63.56666666666667,2.3000001907348637,0
2004-01-26,2004-01-20,-16.191111111111113,-68.63222222222221,6.700000286102295,0
2004-01-26,2004-01-21,-16.191111111111113,-68.63222222222221,10.800000190734863,0
2004-01-26,2004-01-22,-16.191111111111113,-68.63222222222221,23.299999237060547,0
2004-01-26,2004-01-23,-16.191111111111113,-68.63222222222221,15.300000190734863,0
2004-01-26,2004-01-24,-16.191111111111113,-68.63222222222221,7.099999904632568,0
2004-01-26,2004-01-25,-16.191111111111113,-68.63222222222221,9.199999809265137,0
2004-01-26,2004-01-26,-16.191111111111113,-68.63222222222221,7.800000190734863,1
2004-01-26,2003-01-20,-16.191111111111113,-68.63222222222221,18.899999618530277,0
2004-01-26,2003-01-21,-16.191111111111113,-68.63222222222221,12.5,0
2004-01-26,2003-01-22,-16.191111111111113,-68.63222222222221,9.699999809265137,0
2004-01-26,2003-01-23,-16.191111111111113,-68.63222222222221,6.0,0
2004-01-26,2003-01-24,-16.191111111111113,-68.63222222222221,15.600000381469728,0
2004-01-26,2003-01-25,-16.191111111111113,-68.63222222222221,0.3000000119209289,0
2004-01-26,2003-01-26,-16.191111111111113,-68.63222222222221,6.800000190734863,0
2024-04-30,2024-04-24,-29.44305555555556,-52.62138888888889,1.2000000476837158,0
2024-04-30,2024-04-25,-29.44305555555556,-52.62138888888889,0.0,0
2024-04-30,2024-04-26,-29.44305555555556,-52.62138888888889,3.0999999046325684,0
2024-04-30,2024-04-27,-29.44305555555556,-52.62138888888889,51.900001525878906,0
2024-04-30,2024-04-28,-29.44305555555556,-52.62138888888889,17.399999618530273,0
2024-04-30,2024-04-29,-29.44305555555556,-52.62138888888889,8.399999618530273,0
2024-04-30,2024-04-30,-29.44305555555556,-52.62138888888889,22.5,1
2024-04-30,2023-04-25,-29.44305555555556,-52.62138888888889,8.0,0
2024-04-30,2023-04-26,-29.44305555555556,-52.62138888888889,10.800000190734863,0
2024-04-30,2023-04-27,-29.44305555555556,-52.62138888888889,1.100000023841858,0
2024-04-30,2023-04-28,-29.44305555555556,-52.62138888888889,0.0,0
2024-04-30,2023-04-29,-29.44305555555556,-52.62138888888889,0.0,0
2024-04-30,2023-04-30,-29.44305555555556,-52.62138888888889,0.0,0
2024-04-30,2023-05-01,-29.44305555555556,-52.62138888888889,0.1000000014901161,0
2024-02-29,2024-02-23,-9.926944444444445,-70.00472222222223,14.300000190734863,0
2024-02-29,2024-02-24,-9.926944444444445,-70.00472222222223,20.30000114440918,0
2024-02-29,2024-02-25,-9.926944444444445,-70.00472222222223,8.699999809265137,0
2024-02-29,2024-02-26,-9.926944444444445,-70.00472222222223,5.200000286102295,0
2024-02-29,2024-02-27,-9.926944444444445,-70.00472222222223,4.400000095367432,0
2024-02-29,2024-02-28,-9.926944444444445,-70.00472222222223,10.199999809265137,0
2024-02-29,2024-02-29,-9.926944444444445,-70.00472222222223,5.0,1
2024-02-29,2023-02-23,-9.926944444444445,-70.00472222222223,18.799999237060547,0
2024-02-29,2023-02-24,-9.926944444444445,-70.00472222222223,0.5,0
2024-02-29,2023-02-25,-9.926944444444445,-70.00472222222223,0.3000000119209289,0
2024-02-29,2023-02-26,-9.926944444444445,-70.00472222222223,10.399999618530272,0
2024-02-29,2023-02-27,-9.926944444444445,-70.00472222222223,23.0,0
2024-02-29,2023-02-28,-9.926944444444445,-70.00472222222223,4.300000190734863,0
2024-02-29,2023-03-01,-9.926944444444445,-70.00472222222223,2.8999998569488525,0
2023-11-18,2023-11-12,-28.981388888888887,-54.45972222222223,39.09999847412109,0
2023-11-18,2023-11-13,-28.981388888888887,-54.45972222222223,33.79999923706055,0
2023-11-18,2023-11-14,-28.981388888888887,-54.45972222222223,2.200000047683716,0
2023-11-18,2023-11-15,-28.981388888888887,-54.45972222222223,64.80000305175781,0
2023-11-18,2023-11-16,-28.981388888888887,-54.45972222222223,35.099998474121094,0
2023-11-18,2023-11-17,-28.981388888888887,-54.45972222222223,12.100000381469728,0
2023-11-18,2023-11-18,-28.981388888888887,-54.45972222222223,33.29999923706055,1
2023-11-18,2022-11-12,-28.981388888888887,-54.45972222222223,3.0999999046325684,0
2023-11-18,2022-11-13,-28.981388888888887,-54.45972222222223,53.10000228881836,0
2023-11-18,2022-11-14,-28.981388888888887,-54.45972222222223,1.2000000476837158,0
2023-11-18,2022-11-15,-28.981388888888887,-54.45972222222223,0.0,0
2023-11-18,2022-11-16,-28.981388888888887,-54.45972222222223,0.0,0
2023-11-18,2022-11-17,-28.981388888888887,-54.45972222222223,0.0,0
2023-11-18,2022-11-18,-28.981388888888887,-54.45972222222223,0.0,0
2023-09-06,2023-08-31,-29.05444444444445,-51.84166666666667,0.0,0
2023-09-06,2023-09-01,-29.05444444444445,-51.84166666666667,0.0,0
2023-09-06,2023-09-02,-29.05444444444445,-51.84166666666667,21.0,0
2023-09-06,2023-09-03,-29.05444444444445,-51.84166666666667,28.899999618530277,0
2023-09-06,2023-09-04,-29.05444444444445,-51.84166666666667,71.0999984741211,0
2023-09-06,2023-09-05,-29.05444444444445,-51.84166666666667,12.399999618530272,0
2023-09-06,2023-09-06,-29.05444444444445,-51.84166666666667,0.0,1
2023-09-06,2022-08-31,-29.05444444444445,-51.84166666666667,0.0,0
2023-09-06,2022-09-01,-29.05444444444445,-51.84166666666667,0.0,0
2023-09-06,2022-09-02,-29.05444444444445,-51.84166666666667,8.5,0
2023-09-06,2022-09-03,-29.05444444444445,-51.84166666666667,0.800000011920929,0
2023-09-06,2022-09-04,-29.05444444444445,-51.84166666666667,0.0,0
2023-09-06,2022-09-05,-29.05444444444445,-51.84166666666667,0.0,0
2023-09-06,2022-09-06,-29.05444444444445,-51.84166666666667,2.3999998569488525,0
2023-03-28,2023-03-22,-10.643611111111111,-68.67055555555557,3.6000001430511475,0
2023-03-28,2023-03-23,-10.643611111111111,-68.67055555555557,41.09999847412109,0
2023-03-28,2023-03-24,-10.643611111111111,-68.67055555555557,3.6000001430511475,0
2023-03-28,2023-03-25,-10.643611111111111,-68.67055555555557,6.0,0
2023-03-28,2023-03-26,-10.643611111111111,-68.67055555555557,20.30000114440918,0
2023-03-28,2023-03-27,-10.643611111111111,-68.67055555555557,6.400000095367432,0
2023-03-28,2023-03-28,-10.643611111111111,-68.67055555555557,2.0,1
2023-03-28,2022-03-22,-10.643611111111111,-68.67055555555557,5.800000190734863,0
2023-03-28,2022-03-23,-10.643611111111111,-68.67055555555557,2.0999999046325684,0
2023-03-28,2022-03-24,-10.643611111111111,-68.67055555555557,5.599999904632568,0
2023-03-28,2022-03-25,-10.643611111111111,-68.67055555555557,9.100000381469728,0
2023-03-28,2022-03-26,-10.643611111111111,-68.67055555555557,5.0,0
2023-03-28,2022-03-27,-10.643611111111111,-68.67055555555557,0.699999988079071,0
2023-03-28,2022-03-28,-10.643611111111111,-68.67055555555557,1.7000000476837158,0
2023-02-20,2023-02-14,-23.692777777777778,-45.49194444444444,10.399999618530272,0
2023-02-20,2023-02-15,-23.692777777777778,-45.49194444444444,1.5,0
2023-02-20,2023-02-16,-23.692777777777778,-45.49194444444444,0.1000000014901161,0
2023-02-20,2023-02-17,-23.692777777777778,-45.49194444444444,1.5,0
2023-02-20,2023-02-18,-23.692777777777778,-45.49194444444444,29.599998474121094,0
2023-02-20,2023-02-19,-23.692777777777778,-45.49194444444444,51.5,0
2023-02-20,2023-02-20,-23.692777777777778,-45.49194444444444,0.9000000357627869,1
2023-02-20,2022-02-14,-23.692777777777778,-45.49194444444444,0.0,0
2023-02-20,2022-02-15,-23.692777777777778,-45.49194444444444,2.3000001907348637,0
2023-02-20,2022-02-16,-23.692777777777778,-45.49194444444444,2.6000001430511475,0
2023-02-20,2022-02-17,-23.692777777777778,-45.49194444444444,10.699999809265137,0
2023-02-20,2022-02-18,-23.692777777777778,-45.49194444444444,12.59999942779541,0
2023-02-20,2022-02-19,-23.692777777777778,-45.49194444444444,0.800000011920929,0
2023-02-20,2022-02-20,-23.692777777777778,-45.49194444444444,0.0,0
2022-05-30,2022-05-24,-8.070555555555556,-34.9975,20.899999618530277,0
2022-05-30,2022-05-25,-8.070555555555556,-34.9975,40.20000076293945,0
2022-05-30,2022-05-26,-8.070555555555556,-34.9975,18.899999618530277,0
2022-05-30,2022-05-27,-8.070555555555556,-34.9975,25.600000381469727,0
2022-05-30,2022-05-28,-8.070555555555556,-34.9975,126.5999984741211,0
2022-05-30,2022-05-29,-8.070555555555556,-34.9975,56.70000076293945,0
2022-05-30,2022-05-30,-8.070555555555556,-34.9975,17.0,1
2022-05-30,2021-05-24,-8.070555555555556,-34.9975,1.8000000715255735,0
2022-05-30,2021-05-25,-8.070555555555556,-34.9975,0.3000000119209289,0
2022-05-30,2021-05-26,-8.070555555555556,-34.9975,2.200000047683716,0
2022-05-30,2021-05-27,-8.070555555555556,-34.9975,11.100000381469728,0
2022-05-30,2021-05-28,-8.070555555555556,-34.9975,8.199999809265137,0
2022-05-30,2021-05-29,-8.070555555555556,-34.9975,0.6000000238418579,0
2022-05-30,2021-05-30,-8.070555555555556,-34.9975,6.300000190734863,0
2022-04-05,2022-03-30,-23.13055555555556,-44.35,0.1000000014901161,0
2022-04-05,2022-03-31,-23.13055555555556,-44.35,22.099998474121094,0
2022-04-05,2022-04-01,-23.13055555555556,-44.35,263.5,0
2022-04-05,2022-04-02,-23.13055555555556,-44.35,103.4000015258789,0
2022-04-05,2022-04-03,-23.13055555555556,-44.35,7.800000190734863,0
2022-04-05,2022-04-04,-23.13055555555556,-44.35,0.1000000014901161,0
2022-04-05,2022-04-05,-23.13055555555556,-44.35,1.4000000953674316,1
2022-04-05,2021-03-30,-23.13055555555556,-44.35,20.900001525878903,0
2022-04-05,2021-03-31,-23.13055555555556,-44.35,16.100000381469727,0
2022-04-05,2021-04-01,-23.13055555555556,-44.35,3.400000095367432,0
2022-04-05,2021-04-02,-23.13055555555556,-44.35,2.0,0
2022-04-05,2021-04-03,-23.13055555555556,-44.35,1.2000000476837158,0
2022-04-05,2021-04-04,-23.13055555555556,-44.35,4.5,0
2022-04-05,2021-04-05,-23.13055555555556,-44.35,3.799999952316284,0
2022-02-16,2022-02-10,-22.540000000000003,-43.20805555555556,13.300000190734863,0
2022-02-16,2022-02-11,-22.540000000000003,-43.20805555555556,9.800000190734863,0
2022-02-16,2022-02-12,-22.540000000000003,-43.20805555555556,42.59999847412109,0
2022-02-16,2022-02-13,-22.540000000000003,-43.20805555555556,17.700000762939453,0
2022-02-16,2022-02-14,-22.540000000000003,-43.20805555555556,3.700000286102295,0
2022-02-16,2022-02-15,-22.540000000000003,-43.20805555555556,6.5,0
2022-02-16,2022-02-16,-22.540000000000003,-43.20805555555556,5.700000286102295,1
2022-02-16,2021-02-10,-22.540000000000003,-43.20805555555556,23.100000381469727,0
2022-02-16,2021-02-11,-22.540000000000003,-43.20805555555556,15.100000381469728,0
2022-02-16,2021-02-12,-22.540000000000003,-43.20805555555556,3.400000095367432,0
2022-02-16,2021-02-13,-22.540000000000003,-43.20805555555556,6.900000095367432,0
2022-02-16,2021-02-14,-22.540000000000003,-43.20805555555556,7.599999904632568,0
2022-02-16,2021-02-15,-22.540000000000003,-43.20805555555556,18.69999885559082,0
2022-02-16,2021-02-16,-22.540000000000003,-43.20805555555556,10.699999809265137,0
2021-12-30,2021-12-24,-14.99472222222222,-39.82861111111112,62.900001525878906,0
2021-12-30,2021-12-25,-14.99472222222222,-39.82861111111112,76.0999984741211,0
2021-12-30,2021-12-26,-14.99472222222222,-39.82861111111112,32.0,0
2021-12-30,2021-12-27,-14.99472222222222,-39.82861111111112,18.700000762939453,0
2021-12-30,2021-12-28,-14.99472222222222,-39.82861111111112,11.59999942779541,0
2021-12-30,2021-12-29,-14.99472222222222,-39.82861111111112,1.100000023841858,0
2021-12-30,2021-12-30,-14.99472222222222,-39.82861111111112,3.299999952316284,1
2021-12-30,2020-12-24,-14.99472222222222,-39.82861111111112,0.1000000014901161,0
2021-12-30,2020-12-25,-14.99472222222222,-39.82861111111112,0.1000000014901161,0
2021-12-30,2020-12-26,-14.99472222222222,-39.82861111111112,2.5999999046325684,0
2021-12-30,2020-12-27,-14.99472222222222,-39.82861111111112,0.1000000014901161,0
2021-12-30,2020-12-28,-14.99472222222222,-39.82861111111112,0.9000000357627869,0
2021-12-30,2020-12-29,-14.99472222222222,-39.82861111111112,0.4000000059604645,0
2021-12-30,2020-12-30,-14.99472222222222,-39.82861111111112,1.3000000715255735,0
2020-01-24,2020-01-18,-20.754166666666663,-40.840833333333336,34.20000076293945,0
2020-01-24,2020-01-19,-20.754166666666663,-40.840833333333336,0.699999988079071,0
2020-01-24,2020-01-20,-20.754166666666663,-40.840833333333336,37.900001525878906,0
2020-01-24,2020-01-21,-20.754166666666663,-40.840833333333336,31.799999237060547,0
2020-01-24,2020-01-22,-20.754166666666663,-40.840833333333336,4.5,0
2020-01-24,2020-01-23,-20.754166666666663,-40.840833333333336,14.699999809265137,0
2020-01-24,2020-01-24,-20.754166666666663,-40.840833333333336,27.100000381469727,1
2020-01-24,2019-01-18,-20.754166666666663,-40.840833333333336,0.0,0
2020-01-24,2019-01-19,-20.754166666666663,-40.840833333333336,0.0,0
2020-01-24,2019-01-20,-20.754166666666663,-40.840833333333336,0.0,0
2020-01-24,2019-01-21,-20.754166666666663,-40.840833333333336,0.0,0
2020-01-24,2019-01-22,-20.754166666666663,-40.840833333333336,0.0,0
2020-01-24,2019-01-23,-20.754166666666663,-40.840833333333336,0.0,0
2020-01-24,2019-01-24,-20.754166666666663,-40.840833333333336,0.0,0
2019-01-13,2019-01-07,-29.709166666666665,-56.13361111111111,18.5,0
2019-01-13,2019-01-08,-29.709166666666665,-56.13361111111111,6.100000381469727,0
2019-01-13,2019-01-09,-29.709166666666665,-56.13361111111111,75.80000305175781,0
2019-01-13,2019-01-10,-29.709166666666665,-56.13361111111111,84.19999694824219,0
2019-01-13,2019-01-11,-29.709166666666665,-56.13361111111111,3.0,0
2019-01-13,2019-01-12,-29.709166666666665,-56.13361111111111,11.699999809265137,0
2019-01-13,2019-01-13,-29.709166666666665,-56.13361111111111,8.59999942779541,1
2019-01-13,2018-01-07,-29.709166666666665,-56.13361111111111,0.0,0
2019-01-13,2018-01-08,-29.709166666666665,-56.13361111111111,0.0,0
2019-01-13,2018-01-09,-29.709166666666665,-56.13361111111111,3.0999999046325684,0
2019-01-13,2018-01-10,-29.709166666666665,-56.13361111111111,0.3000000119209289,0
2019-01-13,2018-01-11,-29.709166666666665,-56.13361111111111,4.900000095367432,0
2019-01-13,2018-01-12,-29.709166666666665,-56.13361111111111,4.300000190734863,0
2019-01-13,2018-01-13,-29.709166666666665,-56.13361111111111,9.600000381469728,0
2015-06-11,2015-06-05,-3.0502777777777776,-63.61527777777778,2.900000095367432,0
2015-06-11,2015-06-06,-3.0502777777777776,-63.61527777777778,4.0,0
2015-06-11,2015-06-07,-3.0502777777777776,-63.61527777777778,22.299999237060547,0
2015-06-11,2015-06-08,-3.0502777777777776,-63.61527777777778,5.599999904632568,0
2015-06-11,2015-06-09,-3.0502777777777776,-63.61527777777778,2.5,0
2015-06-11,2015-06-10,-3.0502777777777776,-63.61527777777778,10.899999618530272,0
2015-06-11,2015-06-11,-3.0502777777777776,-63.61527777777778,9.100000381469728,1
2015-06-11,2014-06-05,-3.0502777777777776,-63.61527777777778,0.1000000014901161,0
2015-06-11,2014-06-06,-3.0502777777777776,-63.61527777777778,1.7000000476837158,0
2015-06-11,2014-06-07,-3.0502777777777776,-63.61527777777778,0.8999999761581421,0
2015-06-11,2014-06-08,-3.0502777777777776,-63.61527777777778,1.399999976158142,0
2015-06-11,2014-06-09,-3.0502777777777776,-63.61527777777778,3.5999999046325684,0
2015-06-11,2014-06-10,-3.0502777777777776,-63.61527777777778,2.1000001430511475,0
2015-06-11,2014-06-11,-3.0502777777777776,-63.61527777777778,25.700000762939453,0
2015-02-27,2015-02-21,-10.455833333333333,-68.2761111111111,45.79999923706055,0
2015-02-27,2015-02-22,-10.455833333333333,-68.2761111111111,0.5,0
2015-02-27,2015-02-23,-10.455833333333333,-68.2761111111111,10.199999809265137,0
2015-02-27,2015-02-24,-10.455833333333333,-68.2761111111111,10.0,0
2015-02-27,2015-02-25,-10.455833333333333,-68.2761111111111,10.0,0
2015-02-27,2015-02-26,-10.455833333333333,-68.2761111111111,11.0,0
2015-02-27,2015-02-27,-10.455833333333333,-68.2761111111111,5.900000095367432,1
2015-02-27,2014-02-21,-10.455833333333333,-68.2761111111111,7.300000190734863,0
2015-02-27,2014-02-22,-10.455833333333333,-68.2761111111111,12.300000190734863,0
2015-02-27,2014-02-23,-10.455833333333333,-68.2761111111111,5.900000095367432,0
2015-02-27,2014-02-24,-10.455833333333333,-68.2761111111111,2.0,0
2015-02-27,2014-02-25,-10.455833333333333,-68.2761111111111,9.800000190734863,0
2015-02-27,2014-02-26,-10.455833333333333,-68.2761111111111,5.900000095367432,0
2015-02-27,2014-02-27,-10.455833333333333,-68.2761111111111,6.5,0
2014-07-04,2014-06-28,-29.00555555555556,-53.67972222222222,22.399999618530277,0
2014-07-04,2014-06-29,-29.00555555555556,-53.67972222222222,14.5,0
2014-07-04,2014-06-30,-29.00555555555556,-53.67972222222222,1.2999999523162842,0
2014-07-04,2014-07-01,-29.00555555555556,-53.67972222222222,0.0,0
2014-07-04,2014-07-02,-29.00555555555556,-53.67972222222222,0.0,0
2014-07-04,2014-07-03,-29.00555555555556,-53.67972222222222,10.899999618530272,0
2014-07-04,2014-07-04,-29.00555555555556,-53.67972222222222,36.5,1
2014-07-04,2013-06-28,-29.00555555555556,-53.67972222222222,7.0,0
2014-07-04,2013-06-29,-29.00555555555556,-53.67972222222222,25.100000381469727,0
2014-07-04,2013-06-30,-29.00555555555556,-53.67972222222222,0.0,0
2014-07-04,2013-07-01,-29.00555555555556,-53.67972222222222,0.0,0
2014-07-04,2013-07-02,-29.00555555555556,-53.67972222222222,0.0,0
2014-07-04,2013-07-03,-29.00555555555556,-53.67972222222222,0.0,0
2014-07-04,2013-07-04,-29.00555555555556,-53.67972222222222,4.800000190734863,0
2014-03-21,2014-03-15,-10.081111111111111,-65.16583333333334,12.59999942779541,0
2014-03-21,2014-03-16,-10.081111111111111,-65.16583333333334,10.100000381469728,0
2014-03-21,2014-03-17,-10.081111111111111,-65.16583333333334,10.5,0
2014-03-21,2014-03-18,-10.081111111111111,-65.16583333333334,18.899999618530277,0
2014-03-21,2014-03-19,-10.081111111111111,-65.16583333333334,8.399999618530273,0
2014-03-21,2014-03-20,-10.081111111111111,-65.16583333333334,10.0,0
2014-03-21,2014-03-21,-10.081111111111111,-65.16583333333334,8.600000381469727,1
2014-03-21,2013-03-15,-10.081111111111111,-65.16583333333334,15.0,0
2014-03-21,2013-03-16,-10.081111111111111,-65.16583333333334,12.700000762939451,0
2014-03-21,2013-03-17,-10.081111111111111,-65.16583333333334,14.199999809265137,0
2014-03-21,2013-03-18,-10.081111111111111,-65.16583333333334,10.300000190734863,0
2014-03-21,2013-03-19,-10.081111111111111,-65.16583333333334,12.600000381469728,0
2014-03-21,2013-03-20,-10.081111111111111,-65.16583333333334,24.0,0
2014-03-21,2013-03-21,-10.081111111111111,-65.16583333333334,13.300000190734863,0
2012-01-07,2012-01-01,-20.023055555555555,-43.180277777777775,39.70000076293945,0
2012-01-07,2012-01-02,-20.023055555555555,-43.180277777777775,31.599998474121094,0
2012-01-07,2012-01-03,-20.023055555555555,-43.180277777777775,28.19999885559082,0
2012-01-07,2012-01-04,-20.023055555555555,-43.180277777777775,20.700000762939453,0
2012-01-07,2012-01-05,-20.023055555555555,-43.180277777777775,18.19999885559082,0
2012-01-07,2012-01-06,-20.023055555555555,-43.180277777777775,22.700000762939453,0
2012-01-07,2012-01-07,-20.023055555555555,-43.180277777777775,8.399999618530273,1
2012-01-07,2011-01-01,-20.023055555555555,-43.180277777777775,7.900000095367432,0
2012-01-07,2011-01-02,-20.023055555555555,-43.180277777777775,7.099999904632568,0
2012-01-07,2011-01-03,-20.023055555555555,-43.180277777777775,5.5,0
2012-01-07,2011-01-04,-20.023055555555555,-43.180277777777775,15.0,0
2012-01-07,2011-01-05,-20.023055555555555,-43.180277777777775,28.0,0
2012-01-07,2011-01-06,-20.023055555555555,-43.180277777777775,0.1000000014901161,0
2012-01-07,2011-01-07,-20.023055555555555,-43.180277777777775,0.0,0
2011-01-14,2011-01-08,-21.53333333333333,-43.29166666666666,0.3000000119209289,0
2011-01-14,2011-01-09,-21.53333333333333,-43.29166666666666,0.0,0
2011-01-14,2011-01-10,-21.53333333333333,-43.29166666666666,0.0,0
2011-01-14,2011-01-11,-21.53333333333333,-43.29166666666666,17.100000381469727,0
2011-01-14,2011-01-12,-21.53333333333333,-43.29166666666666,10.09999942779541,0
2011-01-14,2011-01-13,-21.53333333333333,-43.29166666666666,8.199999809265137,0
2011-01-14,2011-01-14,-21.53333333333333,-43.29166666666666,18.700000762939453,1
2011-01-14,2010-01-08,-21.53333333333333,-43.29166666666666,0.6000000238418579,0
2011-01-14,2010-01-09,-21.53333333333333,-43.29166666666666,0.0,0
2011-01-14,2010-01-10,-21.53333333333333,-43.29166666666666,0.0,0
2011-01-14,2010-01-11,-21.53333333333333,-43.29166666666666,0.0,0
2011-01-14,2010-01-12,-21.53333333333333,-43.29166666666666,0.0,0
2011-01-14,2010-01-13,-21.53333333333333,-43.29166666666666,0.0,0
2011-01-14,2010-01-14,-21.53333333333333,-43.29166666666666,0.0,0
2008-11-27,2008-11-21,-26.516944444444444,-49.168055555555554,44.09999847412109,0
2008-11-27,2008-11-22,-26.516944444444444,-49.168055555555554,53.29999923706055,0
2008-11-27,2008-11-23,-26.516944444444444,-49.168055555555554,22.899999618530277,0
2008-11-27,2008-11-24,-26.516944444444444,-49.168055555555554,16.799999237060547,0
2008-11-27,2008-11-25,-26.516944444444444,-49.168055555555554,7.900000095367432,0
2008-11-27,2008-11-26,-26.516944444444444,-49.168055555555554,5.300000190734863,0
2008-11-27,2008-11-27,-26.516944444444444,-49.168055555555554,18.200000762939453,1
2008-11-27,2007-11-22,-26.516944444444444,-49.168055555555554,0.0,0
2008-11-27,2007-11-23,-26.516944444444444,-49.168055555555554,0.0,0
2008-11-27,2007-11-24,-26.516944444444444,-49.168055555555554,0.0,0
2008-11-27,2007-11-25,-26.516944444444444,-49.168055555555554,0.800000011920929,0
2008-11-27,2007-11-26,-26.516944444444444,-49.168055555555554,2.900000095367432,0
2008-11-27,2007-11-27,-26.516944444444444,-49.168055555555554,0.2000000029802322,0
2008-11-27,2007-11-28,-26.516944444444444,-49.168055555555554,0.0,0
2023-06-28,2023-06-22,-34.49611111111111,-70.83555555555554,57.70000076293945,0
2023-06-28,2023-06-23,-34.49611111111111,-70.83555555555554,53.79999923706055,0
2023-06-28,2023-06-24,-34.49611111111111,-70.83555555555554,39.400001525878906,0
2023-06-28,2023-06-25,-34.49611111111111,-70.83555555555554,6.699999809265137,0
2023-06-28,2023-06-26,-34.49611111111111,-70.83555555555554,12.90000057220459,0
2023-06-28,2023-06-27,-34.49611111111111,-70.83555555555554,7.300000190734863,0
2023-06-28,2023-06-28,-34.49611111111111,-70.83555555555554,0.0,1
2023-06-28,2022-06-22,-34.49611111111111,-70.83555555555554,4.599999904632568,0
2023-06-28,2022-06-23,-34.49611111111111,-70.83555555555554,19.399999618530277,0
2023-06-28,2022-06-24,-34.49611111111111,-70.83555555555554,15.90000057220459,0
2023-06-28,2022-06-25,-34.49611111111111,-70.83555555555554,0.0,0
2023-06-28,2022-06-26,-34.49611111111111,-70.83555555555554,0.0,0
2023-06-28,2022-06-27,-34.49611111111111,-70.83555555555554,5.800000190734863,0
2023-06-28,2022-06-28,-34.49611111111111,-70.83555555555554,0.0,0
2021-02-07,2021-02-01,-33.50333333333333,-70.08361111111111,0.8999999761581421,0
2021-02-07,2021-02-02,-33.50333333333333,-70.08361111111111,0.0,0
2021-02-07,2021-02-03,-33.50333333333333,-70.08361111111111,0.0,0
2021-02-07,2021-02-04,-33.50333333333333,-70.08361111111111,0.0,0
2021-02-07,2021-02-05,-33.50333333333333,-70.08361111111111,0.0,0
2021-02-07,2021-02-06,-33.50333333333333,-70.08361111111111,0.2000000029802322,0
2021-02-07,2021-02-07,-33.50333333333333,-70.08361111111111,0.800000011920929,1
2021-02-07,2020-02-02,-33.50333333333333,-70.08361111111111,1.7999999523162842,0
2021-02-07,2020-02-03,-33.50333333333333,-70.08361111111111,0.0,0
2021-02-07,2020-02-04,-33.50333333333333,-70.08361111111111,1.1999999284744265,0
2021-02-07,2020-02-05,-33.50333333333333,-70.08361111111111,0.699999988079071,0
2021-02-07,2020-02-06,-33.50333333333333,-70.08361111111111,3.0999999046325684,0
2021-02-07,2020-02-07,-33.50333333333333,-70.08361111111111,0.0,0
2021-02-07,2020-02-08,-33.50333333333333,-70.08361111111111,0.0,0
2017-05-13,2017-05-07,-28.100555555555555,-70.75194444444445,0.0,0
2017-05-13,2017-05-08,-28.100555555555555,-70.75194444444445,0.0,0
2017-05-13,2017-05-09,-28.100555555555555,-70.75194444444445,0.0,0
2017-05-13,2017-05-10,-28.100555555555555,-70.75194444444445,0.5,0
2017-05-13,2017-05-11,-28.100555555555555,-70.75194444444445,0.9000000357627869,0
2017-05-13,2017-05-12,-28.100555555555555,-70.75194444444445,17.600000381469727,0
2017-05-13,2017-05-13,-28.100555555555555,-70.75194444444445,30.399999618530277,1
2017-05-13,2016-05-07,-28.100555555555555,-70.75194444444445,0.0,0
2017-05-13,2016-05-08,-28.100555555555555,-70.75194444444445,0.0,0
2017-05-13,2016-05-09,-28.100555555555555,-70.75194444444445,0.0,0
2017-05-13,2016-05-10,-28.100555555555555,-70.75194444444445,0.0,0
2017-05-13,2016-05-11,-28.100555555555555,-70.75194444444445,0.0,0
2017-05-13,2016-05-12,-28.100555555555555,-70.75194444444445,0.0,0
2017-05-13,2016-05-13,-28.100555555555555,-70.75194444444445,0.0,0
2015-08-09,2015-08-03,-27.484722222222224,-70.80777777777777,0.0,0
2015-08-09,2015-08-04,-27.484722222222224,-70.80777777777777,0.0,0
2015-08-09,2015-08-05,-27.484722222222224,-70.80777777777777,0.0,0
2015-08-09,2015-08-06,-27.484722222222224,-70.80777777777777,0.0,0
2015-08-09,2015-08-07,-27.484722222222224,-70.80777777777777,0.0,0
2015-08-09,2015-08-08,-27.484722222222224,-70.80777777777777,7.099999904632568,0
2015-08-09,2015-08-09,-27.484722222222224,-70.80777777777777,0.1000000014901161,1
2015-08-09,2014-08-03,-27.484722222222224,-70.80777777777777,0.0,0
2015-08-09,2014-08-04,-27.484722222222224,-70.80777777777777,0.0,0
2015-08-09,2014-08-05,-27.484722222222224,-70.80777777777777,0.0,0
2015-08-09,2014-08-06,-27.484722222222224,-70.80777777777777,0.0,0
2015-08-09,2014-08-07,-27.484722222222224,-70.80777777777777,0.0,0
2015-08-09,2014-08-08,-27.484722222222224,-70.80777777777777,0.0,0
2015-08-09,2014-08-09,-27.484722222222224,-70.80777777777777,0.0,0
2015-03-25,2015-03-19,-26.84027777777777,-70.36222222222221,0.0,0
2015-03-25,2015-03-20,-26.84027777777777,-70.36222222222221,0.0,0
2015-03-25,2015-03-21,-26.84027777777777,-70.36222222222221,0.0,0
2015-03-25,2015-03-22,-26.84027777777777,-70.36222222222221,0.0,0
2015-03-25,2015-03-23,-26.84027777777777,-70.36222222222221,0.0,0
2015-03-25,2015-03-24,-26.84027777777777,-70.36222222222221,32.099998474121094,0
2015-03-25,2015-03-25,-26.84027777777777,-70.36222222222221,46.20000076293945,1
2015-03-25,2014-03-19,-26.84027777777777,-70.36222222222221,0.0,0
2015-03-25,2014-03-20,-26.84027777777777,-70.36222222222221,0.0,0
2015-03-25,2014-03-21,-26.84027777777777,-70.36222222222221,0.0,0
2015-03-25,2014-03-22,-26.84027777777777,-70.36222222222221,0.0,0
2015-03-25,2014-03-23,-26.84027777777777,-70.36222222222221,0.0,0
2015-03-25,2014-03-24,-26.84027777777777,-70.36222222222221,0.0,0
2015-03-25,2014-03-25,-26.84027777777777,-70.36222222222221,0.0,0
2008-05-23,2008-05-17,-34.95416666666667,-71.53194444444445,3.700000047683716,0
2008-05-23,2008-05-18,-34.95416666666667,-71.53194444444445,22.0,0
2008-05-23,2008-05-19,-34.95416666666667,-71.53194444444445,43.400001525878906,0
2008-05-23,2008-05-20,-34.95416666666667,-71.53194444444445,66.69999694824219,0
2008-05-23,2008-05-21,-34.95416666666667,-71.53194444444445,22.899999618530277,0
2008-05-23,2008-05-22,-34.95416666666667,-71.53194444444445,76.0,0
2008-05-23,2008-05-23,-34.95416666666667,-71.53194444444445,11.199999809265137,1
2008-05-23,2007-05-18,-34.95416666666667,-71.53194444444445,0.0,0
2008-05-23,2007-05-19,-34.95416666666667,-71.53194444444445,0.0,0
2008-05-23,2007-05-20,-34.95416666666667,-71.53194444444445,0.0,0
2008-05-23,2007-05-21,-34.95416666666667,-71.53194444444445,0.0,0
2008-05-23,2007-05-22,-34.95416666666667,-71.53194444444445,0.0,0
2008-05-23,2007-05-23,-34.95416666666667,-71.53194444444445,0.0,0
2008-05-23,2007-05-24,-34.95416666666667,-71.53194444444445,0.0,0
2024-11-14,2024-11-08,8.523611111111112,-74.76583333333333,17.0,0
2024-11-14,2024-11-09,8.523611111111112,-74.76583333333333,17.200000762939453,0
2024-11-14,2024-11-10,8.523611111111112,-74.76583333333333,2.400000095367432,0
2024-11-14,2024-11-11,8.523611111111112,-74.76583333333333,26.399999618530277,0
2024-11-14,2024-11-12,8.523611111111112,-74.76583333333333,0.0,0
2024-11-14,2024-11-13,8.523611111111112,-74.76583333333333,0.1000000014901161,0
2024-11-14,2024-11-14,8.523611111111112,-74.76583333333333,0.4000000059604645,1
2024-11-14,2023-11-09,8.523611111111112,-74.76583333333333,8.799999237060547,0
2024-11-14,2023-11-10,8.523611111111112,-74.76583333333333,8.40000057220459,0
2024-11-14,2023-11-11,8.523611111111112,-74.76583333333333,11.800000190734863,0
2024-11-14,2023-11-12,8.523611111111112,-74.76583333333333,26.19999885559082,0
2024-11-14,2023-11-13,8.523611111111112,-74.76583333333333,5.300000190734863,0
2024-11-14,2023-11-14,8.523611111111112,-74.76583333333333,14.0,0
2024-11-14,2023-11-15,8.523611111111112,-74.76583333333333,35.20000076293945,0
2024-05-23,2024-05-17,8.360555555555555,-74.80416666666666,12.600000381469728,0
2024-05-23,2024-05-18,8.360555555555555,-74.80416666666666,8.100000381469727,0
2024-05-23,2024-05-19,8.360555555555555,-74.80416666666666,3.799999952316284,0
2024-05-23,2024-05-20,8.360555555555555,-74.80416666666666,14.0,0
2024-05-23,2024-05-21,8.360555555555555,-74.80416666666666,27.19999885559082,0
2024-05-23,2024-05-22,8.360555555555555,-74.80416666666666,14.700000762939451,0
2024-05-23,2024-05-23,8.360555555555555,-74.80416666666666,11.0,1
2024-05-23,2023-05-18,8.360555555555555,-74.80416666666666,0.3000000119209289,0
2024-05-23,2023-05-19,8.360555555555555,-74.80416666666666,14.5,0
2024-05-23,2023-05-20,8.360555555555555,-74.80416666666666,18.299999237060547,0
2024-05-23,2023-05-21,8.360555555555555,-74.80416666666666,31.5,0
2024-05-23,2023-05-22,8.360555555555555,-74.80416666666666,16.5,0
2024-05-23,2023-05-23,8.360555555555555,-74.80416666666666,15.0,0
2024-05-23,2023-05-24,8.360555555555555,-74.80416666666666,34.5,0
2020-07-13,2020-07-07,4.766944444444444,-72.81388888888888,2.8000001907348637,0
2020-07-13,2020-07-08,4.766944444444444,-72.81388888888888,0.3000000119209289,0
2020-07-13,2020-07-09,4.766944444444444,-72.81388888888888,5.799999713897705,0
2020-07-13,2020-07-10,4.766944444444444,-72.81388888888888,21.100000381469727,0
2020-07-13,2020-07-11,4.766944444444444,-72.81388888888888,1.2000000476837158,0
2020-07-13,2020-07-12,4.766944444444444,-72.81388888888888,0.5,0
2020-07-13,2020-07-13,4.766944444444444,-72.81388888888888,5.300000190734863,1
2020-07-13,2019-07-08,4.766944444444444,-72.81388888888888,10.100000381469728,0
2020-07-13,2019-07-09,4.766944444444444,-72.81388888888888,3.799999952316284,0
2020-07-13,2019-07-10,4.766944444444444,-72.81388888888888,1.2999999523162842,0
2020-07-13,2019-07-11,4.766944444444444,-72.81388888888888,2.1000001430511475,0
2020-07-13,2019-07-12,4.766944444444444,-72.81388888888888,9.699999809265137,0
2020-07-13,2019-07-13,4.766944444444444,-72.81388888888888,22.399999618530277,0
2020-07-13,2019-07-14,4.766944444444444,-72.81388888888888,4.199999809265137,0
2017-04-01,2017-03-26,1.2641666666666669,-76.69277777777778,15.09999942779541,0
2017-04-01,2017-03-27,1.2641666666666669,-76.69277777777778,12.800000190734863,0
2017-04-01,2017-03-28,1.2641666666666669,-76.69277777777778,11.300000190734863,0
2017-04-01,2017-03-29,1.2641666666666669,-76.69277777777778,12.300000190734863,0
2017-04-01,2017-03-30,1.2641666666666669,-76.69277777777778,11.5,0
2017-04-01,2017-03-31,1.2641666666666669,-76.69277777777778,21.700000762939453,0
2017-04-01,2017-04-01,1.2641666666666669,-76.69277777777778,32.29999923706055,1
2017-04-01,2016-03-26,1.2641666666666669,-76.69277777777778,0.0,0
2017-04-01,2016-03-27,1.2641666666666669,-76.69277777777778,1.8000000715255735,0
2017-04-01,2016-03-28,1.2641666666666669,-76.69277777777778,13.5,0
2017-04-01,2016-03-29,1.2641666666666669,-76.69277777777778,10.800000190734863,0
2017-04-01,2016-03-30,1.2641666666666669,-76.69277777777778,15.59999942779541,0
2017-04-01,2016-03-31,1.2641666666666669,-76.69277777777778,60.79999923706055,0
2017-04-01,2016-04-01,1.2641666666666669,-76.69277777777778,19.5,0
2011-05-22,2011-05-16,6.0344444444444445,-72.84194444444444,23.899999618530277,0
2011-05-22,2011-05-17,6.0344444444444445,-72.84194444444444,13.699999809265137,0
2011-05-22,2011-05-18,6.0344444444444445,-72.84194444444444,15.5,0
2011-05-22,2011-05-19,6.0344444444444445,-72.84194444444444,22.200000762939453,0
2011-05-22,2011-05-20,6.0344444444444445,-72.84194444444444,7.0,0
2011-05-22,2011-05-21,6.0344444444444445,-72.84194444444444,6.900000095367432,0
2011-05-22,2011-05-22,6.0344444444444445,-72.84194444444444,6.0,1
2011-05-22,2010-05-16,6.0344444444444445,-72.84194444444444,1.100000023841858,0
2011-05-22,2010-05-17,6.0344444444444445,-72.84194444444444,2.6000001430511475,0
2011-05-22,2010-05-18,6.0344444444444445,-72.84194444444444,0.800000011920929,0
2011-05-22,2010-05-19,6.0344444444444445,-72.84194444444444,4.600000381469727,0
2011-05-22,2010-05-20,6.0344444444444445,-72.84194444444444,1.8000000715255735,0
2011-05-22,2010-05-21,6.0344444444444445,-72.84194444444444,8.5,0
2011-05-22,2010-05-22,6.0344444444444445,-72.84194444444444,7.600000381469727,0
2010-12-06,2010-11-30,10.120555555555557,-74.63527777777779,4.800000190734863,0
2010-12-06,2010-12-01,10.120555555555557,-74.63527777777779,8.5,0
2010-12-06,2010-12-02,10.120555555555557,-74.63527777777779,12.0,0
2010-12-06,2010-12-03,10.120555555555557,-74.63527777777779,42.09999847412109,0
2010-12-06,2010-12-04,10.120555555555557,-74.63527777777779,6.400000095367432,0
2010-12-06,2010-12-05,10.120555555555557,-74.63527777777779,0.3000000119209289,0
2010-12-06,2010-12-06,10.120555555555557,-74.63527777777779,0.9000000357627869,1
2010-12-06,2009-11-30,10.120555555555557,-74.63527777777779,0.0,0
2010-12-06,2009-12-01,10.120555555555557,-74.63527777777779,0.0,0
2010-12-06,2009-12-02,10.120555555555557,-74.63527777777779,0.0,0
2010-12-06,2009-12-03,10.120555555555557,-74.63527777777779,0.0,0
2010-12-06,2009-12-04,10.120555555555557,-74.63527777777779,0.0,0
2010-12-06,2009-12-05,10.120555555555557,-74.63527777777779,0.0,0
2010-12-06,2009-12-06,10.120555555555557,-74.63527777777779,0.5,0
2010-11-19,2010-11-13,9.219166666666666,-74.87333333333332,7.5,0
2010-11-19,2010-11-14,9.219166666666666,-74.87333333333332,7.599999904632568,0
2010-11-19,2010-11-15,9.219166666666666,-74.87333333333332,11.100000381469728,0
2010-11-19,2010-11-16,9.219166666666666,-74.87333333333332,6.5,0
2010-11-19,2010-11-17,9.219166666666666,-74.87333333333332,8.899999618530273,0
2010-11-19,2010-11-18,9.219166666666666,-74.87333333333332,5.199999809265137,0
2010-11-19,2010-11-19,9.219166666666666,-74.87333333333332,11.199999809265137,1
2010-11-19,2009-11-13,9.219166666666666,-74.87333333333332,4.800000190734863,0
2010-11-19,2009-11-14,9.219166666666666,-74.87333333333332,6.5,0
2010-11-19,2009-11-15,9.219166666666666,-74.87333333333332,10.800000190734863,0
2010-11-19,2009-11-16,9.219166666666666,-74.87333333333332,11.100000381469728,0
2010-11-19,2009-11-17,9.219166666666666,-74.87333333333332,2.299999952316284,0
2010-11-19,2009-11-18,9.219166666666666,-74.87333333333332,5.300000190734863,0
2010-11-19,2009-11-19,9.219166666666666,-74.87333333333332,1.399999976158142,0
2008-12-11,2008-12-05,7.589166666666666,-74.20583333333333,2.700000047683716,0
2008-12-11,2008-12-06,7.589166666666666,-74.20583333333333,2.700000047683716,0
2008-12-11,2008-12-07,7.589166666666666,-74.20583333333333,2.0999999046325684,0
2008-12-11,2008-12-08,7.589166666666666,-74.20583333333333,4.400000095367432,0
2008-12-11,2008-12-09,7.589166666666666,-74.20583333333333,1.7999999523162842,0
2008-12-11,2008-12-10,7.589166666666666,-74.20583333333333,1.100000023841858,0
2008-12-11,2008-12-11,7.589166666666666,-74.20583333333333,3.700000047683716,1
2008-12-11,2007-12-06,7.589166666666666,-74.20583333333333,0.3000000119209289,0
2008-12-11,2007-12-07,7.589166666666666,-74.20583333333333,1.3000000715255735,0
2008-12-11,2007-12-08,7.589166666666666,-74.20583333333333,1.899999976158142,0
2008-12-11,2007-12-09,7.589166666666666,-74.20583333333333,0.5,0
2008-12-11,2007-12-10,7.589166666666666,-74.20583333333333,5.0,0
2008-12-11,2007-12-11,7.589166666666666,-74.20583333333333,7.5,0
2008-12-11,2007-12-12,7.589166666666666,-74.20583333333333,6.400000095367432,0
2004-12-03,2004-11-27,8.335277777777778,-74.74805555555555,6.300000190734863,0
2004-12-03,2004-11-28,8.335277777777778,-74.74805555555555,1.3000000715255735,0
2004-12-03,2004-11-29,8.335277777777778,-74.74805555555555,3.0999999046325684,0
2004-12-03,2004-11-30,8.335277777777778,-74.74805555555555,2.0,0
2004-12-03,2004-12-01,8.335277777777778,-74.74805555555555,4.400000095367432,0
2004-12-03,2004-12-02,8.335277777777778,-74.74805555555555,3.700000047683716,0
2004-12-03,2004-12-03,8.335277777777778,-74.74805555555555,6.700000286102295,1
2004-12-03,2003-11-28,8.335277777777778,-74.74805555555555,3.299999952316284,0
2004-12-03,2003-11-29,8.335277777777778,-74.74805555555555,15.5,0
2004-12-03,2003-11-30,8.335277777777778,-74.74805555555555,6.300000190734863,0
2004-12-03,2003-12-01,8.335277777777778,-74.74805555555555,5.799999713897705,0
2004-12-03,2003-12-02,8.335277777777778,-74.74805555555555,8.899999618530273,0
2004-12-03,2003-12-03,8.335277777777778,-74.74805555555555,14.0,0
2004-12-03,2003-12-04,8.335277777777778,-74.74805555555555,3.700000047683716,0
2023-06-05,2023-05-30,0.5663888888888889,-79.76833333333333,12.90000057220459,0
2023-06-05,2023-05-31,0.5663888888888889,-79.76833333333333,19.0,0
2023-06-05,2023-06-01,0.5663888888888889,-79.76833333333333,16.399999618530273,0
2023-06-05,2023-06-02,0.5663888888888889,-79.76833333333333,4.400000095367432,0
2023-06-05,2023-06-03,0.5663888888888889,-79.76833333333333,6.199999809265137,0
2023-06-05,2023-06-04,0.5663888888888889,-79.76833333333333,76.69999694824219,0
2023-06-05,2023-06-05,0.5663888888888889,-79.76833333333333,2.5,1
2023-06-05,2022-05-30,0.5663888888888889,-79.76833333333333,1.2000000476837158,0
2023-06-05,2022-05-31,0.5663888888888889,-79.76833333333333,3.5999999046325684,0
2023-06-05,2022-06-01,0.5663888888888889,-79.76833333333333,3.5999999046325684,0
2023-06-05,2022-06-02,0.5663888888888889,-79.76833333333333,4.800000190734863,0
2023-06-05,2022-06-03,0.5663888888888889,-79.76833333333333,2.200000047683716,0
2023-06-05,2022-06-04,0.5663888888888889,-79.76833333333333,4.900000095367432,0
2023-06-05,2022-06-05,0.5663888888888889,-79.76833333333333,1.100000023841858,0
2023-03-12,2023-03-06,-1.501111111111111,-79.92333333333333,50.29999923706055,0
2023-03-12,2023-03-07,-1.501111111111111,-79.92333333333333,34.70000076293945,0
2023-03-12,2023-03-08,-1.501111111111111,-79.92333333333333,21.0,0
2023-03-12,2023-03-09,-1.501111111111111,-79.92333333333333,37.0,0
2023-03-12,2023-03-10,-1.501111111111111,-79.92333333333333,9.600000381469728,0
2023-03-12,2023-03-11,-1.501111111111111,-79.92333333333333,9.199999809265137,0
2023-03-12,2023-03-12,-1.501111111111111,-79.92333333333333,1.3000000715255735,1
2023-03-12,2022-03-06,-1.501111111111111,-79.92333333333333,26.200000762939453,0
2023-03-12,2022-03-07,-1.501111111111111,-79.92333333333333,5.400000095367432,0
2023-03-12,2022-03-08,-1.501111111111111,-79.92333333333333,18.399999618530277,0
2023-03-12,2022-03-09,-1.501111111111111,-79.92333333333333,5.900000095367432,0
2023-03-12,2022-03-10,-1.501111111111111,-79.92333333333333,3.700000047683716,0
2023-03-12,2022-03-11,-1.501111111111111,-79.92333333333333,27.100000381469727,0
2023-03-12,2022-03-12,-1.501111111111111,-79.92333333333333,22.899999618530277,0
2022-02-01,2022-01-26,-0.8808333333333334,-79.1738888888889,15.100000381469728,0
2022-02-01,2022-01-27,-0.8808333333333334,-79.1738888888889,25.700000762939453,0
2022-02-01,2022-01-28,-0.8808333333333334,-79.1738888888889,26.399999618530277,0
2022-02-01,2022-01-29,-0.8808333333333334,-79.1738888888889,28.100000381469727,0
2022-02-01,2022-01-30,-0.8808333333333334,-79.1738888888889,57.70000076293945,0
2022-02-01,2022-01-31,-0.8808333333333334,-79.1738888888889,6.700000286102295,0
2022-02-01,2022-02-01,-0.8808333333333334,-79.1738888888889,1.100000023841858,1
2022-02-01,2021-01-26,-0.8808333333333334,-79.1738888888889,24.5,0
2022-02-01,2021-01-27,-0.8808333333333334,-79.1738888888889,5.599999904632568,0
2022-02-01,2021-01-28,-0.8808333333333334,-79.1738888888889,27.299999237060547,0
2022-02-01,2021-01-29,-0.8808333333333334,-79.1738888888889,16.5,0
2022-02-01,2021-01-30,-0.8808333333333334,-79.1738888888889,23.399999618530277,0
2022-02-01,2021-01-31,-0.8808333333333334,-79.1738888888889,56.5,0
2022-02-01,2021-02-01,-0.8808333333333334,-79.1738888888889,24.399999618530277,0
2008-02-26,2008-02-20,-0.9325,-80.38861111111112,15.100000381469728,0
2008-02-26,2008-02-21,-0.9325,-80.38861111111112,93.9000015258789,0
2008-02-26,2008-02-22,-0.9325,-80.38861111111112,0.4000000059604645,0
2008-02-26,2008-02-23,-0.9325,-80.38861111111112,2.799999952316284,0
2008-02-26,2008-02-24,-0.9325,-80.38861111111112,18.700000762939453,0
2008-02-26,2008-02-25,-0.9325,-80.38861111111112,20.399999618530277,0
2008-02-26,2008-02-26,-0.9325,-80.38861111111112,0.800000011920929,1
2008-02-26,2007-02-20,-0.9325,-80.38861111111112,10.699999809265137,0
2008-02-26,2007-02-21,-0.9325,-80.38861111111112,0.800000011920929,0
2008-02-26,2007-02-22,-0.9325,-80.38861111111112,1.5,0
2008-02-26,2007-02-23,-0.9325,-80.38861111111112,1.0,0
2008-02-26,2007-02-24,-0.9325,-80.38861111111112,0.2000000029802322,0
2008-02-26,2007-02-25,-0.9325,-80.38861111111112,6.0,0
2008-02-26,2007-02-26,-0.9325,-80.38861111111112,1.8000000715255735,0
2021-06-07,2021-06-01,5.835,-59.25805555555556,26.799999237060547,0
2021-06-07,2021-06-02,5.835,-59.25805555555556,19.899999618530277,0
2021-06-07,2021-06-03,5.835,-59.25805555555556,27.200000762939453,0
2021-06-07,2021-06-04,5.835,-59.25805555555556,12.600000381469728,0
2021-06-07,2021-06-05,5.835,-59.25805555555556,12.100000381469728,0
2021-06-07,2021-06-06,5.835,-59.25805555555556,4.5,0
2021-06-07,2021-06-07,5.835,-59.25805555555556,21.5,1
2021-06-07,2020-06-01,5.835,-59.25805555555556,6.599999904632568,0
2021-06-07,2020-06-02,5.835,-59.25805555555556,1.399999976158142,0
2021-06-07,2020-06-03,5.835,-59.25805555555556,11.399999618530272,0
2021-06-07,2020-06-04,5.835,-59.25805555555556,2.700000047683716,0
2021-06-07,2020-06-05,5.835,-59.25805555555556,8.0,0
2021-06-07,2020-06-06,5.835,-59.25805555555556,4.5,0
2021-06-07,2020-06-07,5.835,-59.25805555555556,12.800000190734863,0
2005-02-01,2005-01-26,6.721111111111111,-58.14666666666667,14.300000190734863,0
2005-02-01,2005-01-27,6.721111111111111,-58.14666666666667,20.899999618530277,0
2005-02-01,2005-01-28,6.721111111111111,-58.14666666666667,13.5,0
2005-02-01,2005-01-29,6.721111111111111,-58.14666666666667,9.90000057220459,0
2005-02-01,2005-01-30,6.721111111111111,-58.14666666666667,11.399999618530272,0
2005-02-01,2005-01-31,6.721111111111111,-58.14666666666667,20.399999618530277,0
2005-02-01,2005-02-01,6.721111111111111,-58.14666666666667,16.600000381469727,1
2005-02-01,2004-01-27,6.721111111111111,-58.14666666666667,0.1000000014901161,0
2005-02-01,2004-01-28,6.721111111111111,-58.14666666666667,0.3000000119209289,0
2005-02-01,2004-01-29,6.721111111111111,-58.14666666666667,2.799999952316284,0
2005-02-01,2004-01-30,6.721111111111111,-58.14666666666667,6.900000095367432,0
2005-02-01,2004-01-31,6.721111111111111,-58.14666666666667,1.899999976158142,0
2005-02-01,2004-02-01,6.721111111111111,-58.14666666666667,14.0,0
2005-02-01,2004-02-02,6.721111111111111,-58.14666666666667,3.900000095367432,0
2019-05-17,2019-05-11,-25.76,-57.85527777777778,6.300000190734863,0
2019-05-17,2019-05-12,-25.76,-57.85527777777778,3.0,0
2019-05-17,2019-05-13,-25.76,-57.85527777777778,0.0,0
2019-05-17,2019-05-14,-25.76,-57.85527777777778,0.0,0
2019-05-17,2019-05-15,-25.76,-57.85527777777778,0.0,0
2019-05-17,2019-05-16,-25.76,-57.85527777777778,0.1000000014901161,0
2019-05-17,2019-05-17,-25.76,-57.85527777777778,0.0,1
2019-05-17,2018-05-11,-25.76,-57.85527777777778,37.09999847412109,0
2019-05-17,2018-05-12,-25.76,-57.85527777777778,0.0,0
2019-05-17,2018-05-13,-25.76,-57.85527777777778,0.0,0
2019-05-17,2018-05-14,-25.76,-57.85527777777778,0.0,0
2019-05-17,2018-05-15,-25.76,-57.85527777777778,39.0,0
2019-05-17,2018-05-16,-25.76,-57.85527777777778,8.5,0
2019-05-17,2018-05-17,-25.76,-57.85527777777778,0.0,0
2012-05-01,2012-04-25,-22.555,-57.89722222222222,18.700000762939453,0
2012-05-01,2012-04-26,-22.555,-57.89722222222222,71.5,0
2012-05-01,2012-04-27,-22.555,-57.89722222222222,2.700000047683716,0
2012-05-01,2012-04-28,-22.555,-57.89722222222222,22.799999237060547,0
2012-05-01,2012-04-29,-22.555,-57.89722222222222,0.0,0
2012-05-01,2012-04-30,-22.555,-57.89722222222222,0.0,0
2012-05-01,2012-05-01,-22.555,-57.89722222222222,0.0,1
2012-05-01,2011-04-26,-22.555,-57.89722222222222,3.900000095367432,0
2012-05-01,2011-04-27,-22.555,-57.89722222222222,0.0,0
2012-05-01,2011-04-28,-22.555,-57.89722222222222,0.0,0
2012-05-01,2011-04-29,-22.555,-57.89722222222222,11.699999809265137,0
2012-05-01,2011-04-30,-22.555,-57.89722222222222,57.900001525878906,0
2012-05-01,2011-05-01,-22.555,-57.89722222222222,0.699999988079071,0
2012-05-01,2011-05-02,-22.555,-57.89722222222222,0.0,0
2007-01-19,2007-01-13,-22.969166666666663,-61.10194444444445,1.600000023841858,0
2007-01-19,2007-01-14,-22.969166666666663,-61.10194444444445,0.0,0
2007-01-19,2007-01-15,-22.969166666666663,-61.10194444444445,0.0,0
2007-01-19,2007-01-16,-22.969166666666663,-61.10194444444445,2.700000047683716,0
2007-01-19,2007-01-17,-22.969166666666663,-61.10194444444445,9.899999618530272,0
2007-01-19,2007-01-18,-22.969166666666663,-61.10194444444445,0.0,0
2007-01-19,2007-01-19,-22.969166666666663,-61.10194444444445,9.699999809265137,1
2007-01-19,2006-01-13,-22.969166666666663,-61.10194444444445,6.199999809265137,0
2007-01-19,2006-01-14,-22.969166666666663,-61.10194444444445,0.2000000029802322,0
2007-01-19,2006-01-15,-22.969166666666663,-61.10194444444445,0.0,0
2007-01-19,2006-01-16,-22.969166666666663,-61.10194444444445,0.4000000059604645,0
2007-01-19,2006-01-17,-22.969166666666663,-61.10194444444445,7.800000190734863,0
2007-01-19,2006-01-18,-22.969166666666663,-61.10194444444445,0.3000000119209289,0
2007-01-19,2006-01-19,-22.969166666666663,-61.10194444444445,0.6000000238418579,0
2025-03-03,2025-02-25,-9.469722222222222,-77.41638888888889,11.699999809265137,0
2025-03-03,2025-02-26,-9.469722222222222,-77.41638888888889,6.5,0
2025-03-03,2025-02-27,-9.469722222222222,-77.41638888888889,6.300000190734863,0
2025-03-03,2025-02-28,-9.469722222222222,-77.41638888888889,9.199999809265137,0
2025-03-03,2025-03-01,-9.469722222222222,-77.41638888888889,14.699999809265137,0
2025-03-03,2025-03-02,-9.469722222222222,-77.41638888888889,14.600000381469728,0
2025-03-03,2025-03-03,-9.469722222222222,-77.41638888888889,22.399999618530277,1
2025-03-03,2024-02-26,-9.469722222222222,-77.41638888888889,7.5,0
2025-03-03,2024-02-27,-9.469722222222222,-77.41638888888889,4.599999904632568,0
2025-03-03,2024-02-28,-9.469722222222222,-77.41638888888889,2.3000001907348637,0
2025-03-03,2024-02-29,-9.469722222222222,-77.41638888888889,11.899999618530272,0
2025-03-03,2024-03-01,-9.469722222222222,-77.41638888888889,19.299999237060547,0
2025-03-03,2024-03-02,-9.469722222222222,-77.41638888888889,11.0,0
2025-03-03,2024-03-03,-9.469722222222222,-77.41638888888889,7.599999904632568,0
2023-03-14,2023-03-08,-8.653055555555556,-78.55361111111111,0.800000011920929,0
2023-03-14,2023-03-09,-8.653055555555556,-78.55361111111111,3.6000001430511475,0
2023-03-14,2023-03-10,-8.653055555555556,-78.55361111111111,8.300000190734863,0
2023-03-14,2023-03-11,-8.653055555555556,-78.55361111111111,15.0,0
2023-03-14,2023-03-12,-8.653055555555556,-78.55361111111111,3.200000047683716,0
2023-03-14,2023-03-13,-8.653055555555556,-78.55361111111111,12.100000381469728,0
2023-03-14,2023-03-14,-8.653055555555556,-78.55361111111111,43.400001525878906,1
2023-03-14,2022-03-08,-8.653055555555556,-78.55361111111111,0.0,0
2023-03-14,2022-03-09,-8.653055555555556,-78.55361111111111,0.0,0
2023-03-14,2022-03-10,-8.653055555555556,-78.55361111111111,0.0,0
2023-03-14,2022-03-11,-8.653055555555556,-78.55361111111111,0.0,0
2023-03-14,2022-03-12,-8.653055555555556,-78.55361111111111,0.0,0
2023-03-14,2022-03-13,-8.653055555555556,-78.55361111111111,0.1000000014901161,0
2023-03-14,2022-03-14,-8.653055555555556,-78.55361111111111,1.100000023841858,0
2017-03-31,2017-03-25,-6.603888888888888,-79.84583333333333,15.399999618530272,0
2017-03-31,2017-03-26,-6.603888888888888,-79.84583333333333,14.799999237060549,0
2017-03-31,2017-03-27,-6.603888888888888,-79.84583333333333,7.5,0
2017-03-31,2017-03-28,-6.603888888888888,-79.84583333333333,4.300000190734863,0
2017-03-31,2017-03-29,-6.603888888888888,-79.84583333333333,0.4000000059604645,0
2017-03-31,2017-03-30,-6.603888888888888,-79.84583333333333,5.800000190734863,0
2017-03-31,2017-03-31,-6.603888888888888,-79.84583333333333,24.399999618530277,1
2017-03-31,2016-03-25,-6.603888888888888,-79.84583333333333,0.0,0
2017-03-31,2016-03-26,-6.603888888888888,-79.84583333333333,0.5,0
2017-03-31,2016-03-27,-6.603888888888888,-79.84583333333333,0.0,0
2017-03-31,2016-03-28,-6.603888888888888,-79.84583333333333,0.0,0
2017-03-31,2016-03-29,-6.603888888888888,-79.84583333333333,0.3000000119209289,0
2017-03-31,2016-03-30,-6.603888888888888,-79.84583333333333,0.5,0
2017-03-31,2016-03-31,-6.603888888888888,-79.84583333333333,1.7000000476837158,0
2014-01-21,2014-01-15,-12.715555555555556,-74.90944444444445,8.600000381469727,0
2014-01-21,2014-01-16,-12.715555555555556,-74.90944444444445,11.5,0
2014-01-21,2014-01-17,-12.715555555555556,-74.90944444444445,9.600000381469728,0
2014-01-21,2014-01-18,-12.715555555555556,-74.90944444444445,6.599999904632568,0
2014-01-21,2014-01-19,-12.715555555555556,-74.90944444444445,7.300000190734863,0
2014-01-21,2014-01-20,-12.715555555555556,-74.90944444444445,13.5,0
2014-01-21,2014-01-21,-12.715555555555556,-74.90944444444445,4.599999904632568,1
2014-01-21,2013-01-15,-12.715555555555556,-74.90944444444445,14.300000190734863,0
2014-01-21,2013-01-16,-12.715555555555556,-74.90944444444445,6.700000286102295,0
2014-01-21,2013-01-17,-12.715555555555556,-74.90944444444445,11.699999809265137,0
2014-01-21,2013-01-18,-12.715555555555556,-74.90944444444445,12.899999618530272,0
2014-01-21,2013-01-19,-12.715555555555556,-74.90944444444445,8.199999809265137,0
2014-01-21,2013-01-20,-12.715555555555556,-74.90944444444445,4.800000190734863,0
2014-01-21,2013-01-21,-12.715555555555556,-74.90944444444445,15.199999809265137,0
2012-02-21,2012-02-15,-15.796111111111111,-69.99888888888889,13.40000057220459,0
2012-02-21,2012-02-16,-15.796111111111111,-69.99888888888889,13.399999618530272,0
2012-02-21,2012-02-17,-15.796111111111111,-69.99888888888889,11.199999809265137,0
2012-02-21,2012-02-18,-15.796111111111111,-69.99888888888889,6.200000286102295,0
2012-02-21,2012-02-19,-15.796111111111111,-69.99888888888889,8.899999618530273,0
2012-02-21,2012-02-20,-15.796111111111111,-69.99888888888889,10.100000381469728,0
2012-02-21,2012-02-21,-15.796111111111111,-69.99888888888889,1.5,1
2012-02-21,2011-02-15,-15.796111111111111,-69.99888888888889,9.199999809265137,0
2012-02-21,2011-02-16,-15.796111111111111,-69.99888888888889,12.300000190734863,0
2012-02-21,2011-02-17,-15.796111111111111,-69.99888888888889,9.90000057220459,0
2012-02-21,2011-02-18,-15.796111111111111,-69.99888888888889,6.599999904632568,0
2012-02-21,2011-02-19,-15.796111111111111,-69.99888888888889,13.199999809265137,0
2012-02-21,2011-02-20,-15.796111111111111,-69.99888888888889,4.199999809265137,0
2012-02-21,2011-02-21,-15.796111111111111,-69.99888888888889,4.099999904632568,0
2010-01-28,2010-01-22,-13.244444444444444,-72.04083333333332,11.5,0
2010-01-28,2010-01-23,-13.244444444444444,-72.04083333333332,11.90000057220459,0
2010-01-28,2010-01-24,-13.244444444444444,-72.04083333333332,15.40000057220459,0
2010-01-28,2010-01-25,-13.244444444444444,-72.04083333333332,8.40000057220459,0
2010-01-28,2010-01-26,-13.244444444444444,-72.04083333333332,10.199999809265137,0
2010-01-28,2010-01-27,-13.244444444444444,-72.04083333333332,11.399999618530272,0
2010-01-28,2010-01-28,-13.244444444444444,-72.04083333333332,3.700000047683716,1
2010-01-28,2009-01-22,-13.244444444444444,-72.04083333333332,5.300000190734863,0
2010-01-28,2009-01-23,-13.244444444444444,-72.04083333333332,4.300000190734863,0
2010-01-28,2009-01-24,-13.244444444444444,-72.04083333333332,7.200000286102295,0
2010-01-28,2009-01-25,-13.244444444444444,-72.04083333333332,8.5,0
2010-01-28,2009-01-26,-13.244444444444444,-72.04083333333332,11.100000381469728,0
2010-01-28,2009-01-27,-13.244444444444444,-72.04083333333332,2.1000001430511475,0
2010-01-28,2009-01-28,-13.244444444444444,-72.04083333333332,3.400000095367432,0
2009-03-26,2009-03-20,-11.426666666666666,-76.20166666666667,10.100000381469728,0
2009-03-26,2009-03-21,-11.426666666666666,-76.20166666666667,9.300000190734863,0
2009-03-26,2009-03-22,-11.426666666666666,-76.20166666666667,2.6000001430511475,0
2009-03-26,2009-03-23,-11.426666666666666,-76.20166666666667,10.699999809265137,0
2009-03-26,2009-03-24,-11.426666666666666,-76.20166666666667,8.300000190734863,0
2009-03-26,2009-03-25,-11.426666666666666,-76.20166666666667,10.800000190734863,0
2009-03-26,2009-03-26,-11.426666666666666,-76.20166666666667,2.900000095367432,1
2009-03-26,2008-03-20,-11.426666666666666,-76.20166666666667,6.599999904632568,0
2009-03-26,2008-03-21,-11.426666666666666,-76.20166666666667,3.700000047683716,0
2009-03-26,2008-03-22,-11.426666666666666,-76.20166666666667,1.2000000476837158,0
2009-03-26,2008-03-23,-11.426666666666666,-76.20166666666667,4.099999904632568,0
2009-03-26,2008-03-24,-11.426666666666666,-76.20166666666667,6.099999904632568,0
2009-03-26,2008-03-25,-11.426666666666666,-76.20166666666667,3.299999952316284,0
2009-03-26,2008-03-26,-11.426666666666666,-76.20166666666667,6.0,0
2006-05-10,2006-05-04,3.980833333333333,-55.96277777777778,10.600000381469728,0
2006-05-10,2006-05-05,3.980833333333333,-55.96277777777778,22.200000762939453,0
2006-05-10,2006-05-06,3.980833333333333,-55.96277777777778,4.699999809265137,0
2006-05-10,2006-05-07,3.980833333333333,-55.96277777777778,1.2000000476837158,0
2006-05-10,2006-05-08,3.980833333333333,-55.96277777777778,2.900000095367432,0
2006-05-10,2006-05-09,3.980833333333333,-55.96277777777778,26.700000762939453,0
2006-05-10,2006-05-10,3.980833333333333,-55.96277777777778,13.199999809265137,1
2006-05-10,2005-05-04,3.980833333333333,-55.96277777777778,9.0,0
2006-05-10,2005-05-05,3.980833333333333,-55.96277777777778,5.699999809265137,0
2006-05-10,2005-05-06,3.980833333333333,-55.96277777777778,2.799999952316284,0
2006-05-10,2005-05-07,3.980833333333333,-55.96277777777778,10.399999618530272,0
2006-05-10,2005-05-08,3.980833333333333,-55.96277777777778,4.200000286102295,0
2006-05-10,2005-05-09,3.980833333333333,-55.96277777777778,2.799999952316284,0
2006-05-10,2005-05-10,3.980833333333333,-55.96277777777778,12.399999618530272,0
2024-05-14,2024-05-08,-32.098888888888894,-56.04722222222222,30.600000381469727,0
2024-05-14,2024-05-09,-32.098888888888894,-56.04722222222222,0.0,0
2024-05-14,2024-05-10,-32.098888888888894,-56.04722222222222,0.2000000029802322,0
2024-05-14,2024-05-11,-32.098888888888894,-56.04722222222222,1.7999999523162842,0
2024-05-14,2024-05-12,-32.098888888888894,-56.04722222222222,11.100000381469728,0
2024-05-14,2024-05-13,-32.098888888888894,-56.04722222222222,0.7000000476837158,0
2024-05-14,2024-05-14,-32.098888888888894,-56.04722222222222,0.0,1
2024-05-14,2023-05-09,-32.098888888888894,-56.04722222222222,0.1000000014901161,0
2024-05-14,2023-05-10,-32.098888888888894,-56.04722222222222,0.0,0
2024-05-14,2023-05-11,-32.098888888888894,-56.04722222222222,0.0,0
2024-05-14,2023-05-12,-32.098888888888894,-56.04722222222222,0.0,0
2024-05-14,2023-05-13,-32.098888888888894,-56.04722222222222,0.0,0
2024-05-14,2023-05-14,-32.098888888888894,-56.04722222222222,0.0,0
2024-05-14,2023-05-15,-32.098888888888894,-56.04722222222222,0.0,0
2017-06-06,2017-05-31,-31.35861111111112,-57.97416666666667,1.8000000715255735,0
2017-06-06,2017-06-01,-31.35861111111112,-57.97416666666667,0.0,0
2017-06-06,2017-06-02,-31.35861111111112,-57.97416666666667,0.0,0
2017-06-06,2017-06-03,-31.35861111111112,-57.97416666666667,0.2000000029802322,0
2017-06-06,2017-06-04,-31.35861111111112,-57.97416666666667,0.1000000014901161,0
2017-06-06,2017-06-05,-31.35861111111112,-57.97416666666667,0.0,0
2017-06-06,2017-06-06,-31.35861111111112,-57.97416666666667,0.0,1
2017-06-06,2016-05-31,-31.35861111111112,-57.97416666666667,0.0,0
2017-06-06,2016-06-01,-31.35861111111112,-57.97416666666667,0.0,0
2017-06-06,2016-06-02,-31.35861111111112,-57.97416666666667,0.0,0
2017-06-06,2016-06-03,-31.35861111111112,-57.97416666666667,0.0,0
2017-06-06,2016-06-04,-31.35861111111112,-57.97416666666667,3.8000001907348633,0
2017-06-06,2016-06-05,-31.35861111111112,-57.97416666666667,0.0,0
2017-06-06,2016-06-06,-31.35861111111112,-57.97416666666667,0.0,0
2009-11-26,2009-11-20,-30.234166666666667,-56.28611111111111,0.8999999761581421,0
2009-11-26,2009-11-21,-30.234166666666667,-56.28611111111111,24.299999237060547,0
2009-11-26,2009-11-22,-30.234166666666667,-56.28611111111111,44.0,0
2009-11-26,2009-11-23,-30.234166666666667,-56.28611111111111,29.700000762939453,0
2009-11-26,2009-11-24,-30.234166666666667,-56.28611111111111,0.1000000014901161,0
2009-11-26,2009-11-25,-30.234166666666667,-56.28611111111111,0.6000000238418579,0
2009-11-26,2009-11-26,-30.234166666666667,-56.28611111111111,42.400001525878906,1
2009-11-26,2008-11-20,-30.234166666666667,-56.28611111111111,0.0,0
2009-11-26,2008-11-21,-30.234166666666667,-56.28611111111111,0.0,0
2009-11-26,2008-11-22,-30.234166666666667,-56.28611111111111,0.0,0
2009-11-26,2008-11-23,-30.234166666666667,-56.28611111111111,0.0,0
2009-11-26,2008-11-24,-30.234166666666667,-56.28611111111111,0.0,0
2009-11-26,2008-11-25,-30.234166666666667,-56.28611111111111,0.3000000119209289,0
2009-11-26,2008-11-26,-30.234166666666667,-56.28611111111111,0.0,0
2007-05-08,2007-05-02,-33.154444444444444,-56.35333333333333,0.0,0
2007-05-08,2007-05-03,-33.154444444444444,-56.35333333333333,0.0,0
2007-05-08,2007-05-04,-33.154444444444444,-56.35333333333333,23.5,0
2007-05-08,2007-05-05,-33.154444444444444,-56.35333333333333,24.100000381469727,0
2007-05-08,2007-05-06,-33.154444444444444,-56.35333333333333,35.10000228881836,0
2007-05-08,2007-05-07,-33.154444444444444,-56.35333333333333,0.0,0
2007-05-08,2007-05-08,-33.154444444444444,-56.35333333333333,0.0,1
2007-05-08,2006-05-02,-33.154444444444444,-56.35333333333333,0.0,0
2007-05-08,2006-05-03,-33.154444444444444,-56.35333333333333,0.0,0
2007-05-08,2006-05-04,-33.154444444444444,-56.35333333333333,0.0,0
2007-05-08,2006-05-05,-33.154444444444444,-56.35333333333333,0.0,0
2007-05-08,2006-05-06,-33.154444444444444,-56.35333333333333,0.0,0
2007-05-08,2006-05-07,-33.154444444444444,-56.35333333333333,0.0,0
2007-05-08,2006-05-08,-33.154444444444444,-56.35333333333333,0.6000000238418579,0
2022-10-11,2022-10-05,10.260833333333334,-67.48972222222223,12.899999618530272,0
2022-10-11,2022-10-06,10.260833333333334,-67.48972222222223,53.900001525878906,0
2022-10-11,2022-10-07,10.260833333333334,-67.48972222222223,2.5,0
2022-10-11,2022-10-08,10.260833333333334,-67.48972222222223,2.0,0
2022-10-11,2022-10-09,10.260833333333334,-67.48972222222223,9.699999809265137,0
2022-10-11,2022-10-10,10.260833333333334,-67.48972222222223,4.600000381469727,0
2022-10-11,2022-10-11,10.260833333333334,-67.48972222222223,3.0999999046325684,1
2022-10-11,2021-10-05,10.260833333333334,-67.48972222222223,0.9000000357627869,0
2022-10-11,2021-10-06,10.260833333333334,-67.48972222222223,0.3000000119209289,0
2022-10-11,2021-10-07,10.260833333333334,-67.48972222222223,0.800000011920929,0
2022-10-11,2021-10-08,10.260833333333334,-67.48972222222223,1.600000023841858,0
2022-10-11,2021-10-09,10.260833333333334,-67.48972222222223,0.4000000059604645,0
2022-10-11,2021-10-10,10.260833333333334,-67.48972222222223,0.4000000059604645,0
2022-10-11,2021-10-11,10.260833333333334,-67.48972222222223,1.2000000476837158,0
2018-08-15,2018-08-09,7.106111111111111,-65.04722222222222,22.100000381469727,0
2018-08-15,2018-08-10,7.106111111111111,-65.04722222222222,22.100000381469727,0
2018-08-15,2018-08-11,7.106111111111111,-65.04722222222222,4.300000190734863,0
2018-08-15,2018-08-12,7.106111111111111,-65.04722222222222,7.599999904632568,0
2018-08-15,2018-08-13,7.106111111111111,-65.04722222222222,18.799999237060547,0
2018-08-15,2018-08-14,7.106111111111111,-65.04722222222222,16.200000762939453,0
2018-08-15,2018-08-15,7.106111111111111,-65.04722222222222,11.0,1
2018-08-15,2017-08-09,7.106111111111111,-65.04722222222222,0.699999988079071,0
2018-08-15,2017-08-10,7.106111111111111,-65.04722222222222,6.400000095367432,0
2018-08-15,2017-08-11,7.106111111111111,-65.04722222222222,12.699999809265137,0
2018-08-15,2017-08-12,7.106111111111111,-65.04722222222222,7.599999904632568,0
2018-08-15,2017-08-13,7.106111111111111,-65.04722222222222,3.5,0
2018-08-15,2017-08-14,7.106111111111111,-65.04722222222222,6.5,0
2018-08-15,2017-08-15,7.106111111111111,-65.04722222222222,5.5,0
2017-08-07,2017-08-01,8.463333333333333,-64.25916666666667,3.5,0
2017-08-07,2017-08-02,8.463333333333333,-64.25916666666667,3.900000095367432,0
2017-08-07,2017-08-03,8.463333333333333,-64.25916666666667,31.5,0
2017-08-07,2017-08-04,8.463333333333333,-64.25916666666667,9.0,0
2017-08-07,2017-08-05,8.463333333333333,-64.25916666666667,1.900000095367432,0
2017-08-07,2017-08-06,8.463333333333333,-64.25916666666667,2.6000001430511475,0
2017-08-07,2017-08-07,8.463333333333333,-64.25916666666667,24.899999618530277,1
2017-08-07,2016-08-01,8.463333333333333,-64.25916666666667,12.0,0
2017-08-07,2016-08-02,8.463333333333333,-64.25916666666667,7.300000190734863,0
2017-08-07,2016-08-03,8.463333333333333,-64.25916666666667,28.600000381469727,0
2017-08-07,2016-08-04,8.463333333333333,-64.25916666666667,7.199999809265137,0
2017-08-07,2016-08-05,8.463333333333333,-64.25916666666667,12.0,0
2017-08-07,2016-08-06,8.463333333333333,-64.25916666666667,2.5,0
2017-08-07,2016-08-07,8.463333333333333,-64.25916666666667,0.0,0
2010-12-01,2010-11-25,10.540555555555557,-67.08916666666666,1.4000000953674316,0
2010-12-01,2010-11-26,10.540555555555557,-67.08916666666666,1.100000023841858,0
2010-12-01,2010-11-27,10.540555555555557,-67.08916666666666,14.699999809265137,0
2010-12-01,2010-11-28,10.540555555555557,-67.08916666666666,1.0,0
2010-12-01,2010-11-29,10.540555555555557,-67.08916666666666,0.5,0
2010-12-01,2010-11-30,10.540555555555557,-67.08916666666666,2.6000001430511475,0
2010-12-01,2010-12-01,10.540555555555557,-67.08916666666666,9.699999809265137,1
2010-12-01,2009-11-25,10.540555555555557,-67.08916666666666,0.0,0
2010-12-01,2009-11-26,10.540555555555557,-67.08916666666666,0.0,0
2010-12-01,2009-11-27,10.540555555555557,-67.08916666666666,0.0,0
2010-12-01,2009-11-28,10.540555555555557,-67.08916666666666,0.1000000014901161,0
2010-12-01,2009-11-29,10.540555555555557,-67.08916666666666,0.0,0
2010-12-01,2009-11-30,10.540555555555557,-67.08916666666666,0.5,0
2010-12-01,2009-12-01,10.540555555555557,-67.08916666666666,0.3000000119209289,0
2005-02-11,2005-02-05,10.146388888888888,-69.32472222222222,0.1000000014901161,0
2005-02-11,2005-02-06,10.146388888888888,-69.32472222222222,1.399999976158142,0
2005-02-11,2005-02-07,10.146388888888888,-69.32472222222222,2.400000095367432,0
2005-02-11,2005-02-08,10.146388888888888,-69.32472222222222,12.600000381469728,0
2005-02-11,2005-02-09,10.146388888888888,-69.32472222222222,5.300000190734863,0
2005-02-11,2005-02-10,10.146388888888888,-69.32472222222222,1.4000000953674316,0
2005-02-11,2005-02-11,10.146388888888888,-69.32472222222222,1.5,1
2005-02-11,2004-02-06,10.146388888888888,-69.32472222222222,0.800000011920929,0
2005-02-11,2004-02-07,10.146388888888888,-69.32472222222222,0.0,0
2005-02-11,2004-02-08,10.146388888888888,-69.32472222222222,0.6000000238418579,0
2005-02-11,2004-02-09,10.146388888888888,-69.32472222222222,2.5,0
2005-02-11,2004-02-10,10.146388888888888,-69.32472222222222,0.2000000029802322,0
2005-02-11,2004-02-11,10.146388888888888,-69.32472222222222,0.0,0
2005-02-11,2004-02-12,10.146388888888888,-69.32472222222222,2.400000095367432,0
